txn_id,is_ring_gt,ring_id_gt
txn_87a636bae8,False,
txn_ce10e54585,False,
txn_3a4be816e1,False,
txn_189355853a,False,
txn_f3986f64b2,False,
txn_b066cd9680,False,
txn_caa11f340a,False,
txn_be31133f76,False,
txn_940bd08da8,False,
txn_e6ea6c0550,False,
txn_aa09522dc0,False,
txn_690a926b72,False,
txn_9be4ddc8ef,False,
txn_d8faa493dc,False,
txn_0eb3aab529,False,
txn_c004bb29af,False,
txn_8e032b2e25,False,
txn_ed68676c1e,False,
txn_f7ef9a621f,False,
txn_a3aceb34b1,False,
txn_44e4d90522,False,
txn_581ce6be69,False,
txn_e519d8fedf,False,
txn_8e45873411,False,
txn_0a16bb8313,False,
txn_beca40fec0,False,
txn_b5883b4e61,False,
txn_5a256caee9,False,
txn_ad6b071925,False,
txn_696346ad7e,False,
txn_99f2c1a92c,False,
txn_241dadc766,False,
txn_09fd01b0b0,False,
txn_a74bce9aca,False,
txn_9520c812f3,False,
txn_ce3df2f7ff,False,
txn_9b2d070ea5,False,
txn_d02f260a46,False,
txn_26e3884a58,False,
txn_06c92c76ef,False,
txn_e5cfd3a8f8,False,
txn_391c6583a7,False,
txn_461a83c1e3,False,
txn_e9f6132197,False,
txn_7aff1c5cc6,False,
txn_1c925b3bb5,False,
txn_24c70220f8,False,
txn_af860ba7f7,False,
txn_f22c548630,False,
txn_9ead6a1db7,False,
txn_ebabce84f0,False,
txn_6d13d5034a,False,
txn_d1fd0b29c5,False,
txn_427e7d9e1a,False,
txn_6146382d27,False,
txn_2f07bb5b50,False,
txn_795ff42c86,False,
txn_1d90f83cd9,False,
txn_9970bca016,False,
txn_bbea3c0f86,False,
txn_a163a3d068,False,
txn_97b0c26577,False,
txn_66deda4a2c,False,
txn_7dda028679,False,
txn_fab874f31a,False,
txn_7ba0560f55,False,
txn_dd39e1a4d1,False,
txn_74cac70ca6,False,
txn_0dd3443cdd,False,
txn_209a1453c3,False,
txn_7ab42dc369,False,
txn_3bbe632b8f,False,
txn_ab556b0638,False,
txn_9457ffaa59,False,
txn_ed786f6ff9,False,
txn_a1b3ab47f0,False,
txn_17fbbae0bc,False,
txn_74fb1d617a,False,
txn_009b7089e4,False,
txn_596c310c3c,False,
txn_750b2a69b1,False,
txn_0192f9ccc3,False,
txn_d40a6d9d36,False,
txn_1dd0755368,False,
txn_bd210b0350,False,
txn_66a0f2b797,False,
txn_2dacb2ecee,False,
txn_f1297258cd,False,
txn_90a9019656,False,
txn_3fc063516e,False,
txn_c210a3a1a2,False,
txn_588d9f54eb,False,
txn_5ba85de09c,False,
txn_441481b3f9,False,
txn_50d651ddb0,False,
txn_3db365508e,False,
txn_8a12664671,False,
txn_9275e84efc,False,
txn_2867caef11,False,
txn_66b401f6dd,False,
txn_f0573d217b,False,
txn_5ac43c12cf,False,
txn_85312bb18b,False,
txn_3ccb24c4a2,False,
txn_b0c8993b98,False,
txn_6418c295f8,False,
txn_b196c44044,False,
txn_cb30393a2b,False,
txn_989784f891,False,
txn_3be5866707,False,
txn_3d5780d10c,False,
txn_8ed5263650,False,
txn_c86970809c,False,
txn_f75b97f572,False,
txn_3b309742cf,False,
txn_2dce24c2e1,False,
txn_e59fe7d58e,False,
txn_f67cd5e419,False,
txn_fc80cb3c00,False,
txn_2e0ba61404,False,
txn_5df461cadb,False,
txn_50d6ff6ea1,False,
txn_044763c644,False,
txn_635949fc3b,False,
txn_a740a86031,False,
txn_8c38a12b00,False,
txn_51e73e9150,False,
txn_cc530a0f7a,False,
txn_4a2d8371f0,False,
txn_077193fef6,False,
txn_3ca24c066f,False,
txn_f909ee8897,False,
txn_111bbdaa9d,False,
txn_a2e4eda38a,False,
txn_232a20c74c,False,
txn_9b6e557107,False,
txn_14f007e700,False,
txn_5efc17b41b,False,
txn_c4018e5c4e,False,
txn_5ea035c2ed,False,
txn_5bf527a194,False,
txn_00dfcd6b84,False,
txn_7e25000c6c,False,
txn_2fe6eddd5a,False,
txn_954260e37a,False,
txn_eb416b1a2c,False,
txn_1d8157ded2,False,
txn_36b0e6c051,False,
txn_8c95457926,False,
txn_fa5cb27b67,False,
txn_dd50049bc8,False,
txn_421357a4fd,False,
txn_10346ff3ee,False,
txn_96b275fa22,False,
txn_98a9d82329,False,
txn_a3bae53045,False,
txn_62521047fe,False,
txn_dbde9dd9c5,False,
txn_8fea465811,False,
txn_a2fe847017,False,
txn_ab79fae8ea,False,
txn_2d6707d83f,False,
txn_f5e58dcb06,False,
txn_4161dafa3e,False,
txn_6a33d8c04b,False,
txn_e631e0cc4c,False,
txn_5abe87cbe3,False,
txn_ec07ff3801,False,
txn_0d98b393fa,False,
txn_f0873ae8e0,False,
txn_8573354d0f,False,
txn_5e1efac115,False,
txn_32ef34ba99,False,
txn_b820fef8a6,False,
txn_3e92d2c932,False,
txn_9256242648,False,
txn_788696ab96,False,
txn_063d86cbb3,False,
txn_3236b5f092,False,
txn_a2f76e072e,False,
txn_7349468680,False,
txn_63f97b9f44,False,
txn_0339319831,False,
txn_8bacc3c797,False,
txn_c759662699,False,
txn_127b641c2b,False,
txn_127119a4cc,False,
txn_fef20f33b7,False,
txn_3b46e6fb92,False,
txn_d6a7ae6ccf,False,
txn_6ad3e2ee24,False,
txn_566b372549,False,
txn_edc028f1f1,False,
txn_739a6761f9,False,
txn_76ebacc540,False,
txn_16ab1ba3d7,False,
txn_8b82fbfb22,False,
txn_4d43160d35,False,
txn_ef7307797a,False,
txn_a531b36b87,False,
txn_497ddf96ab,False,
txn_cfc9f0abca,False,
txn_56f25d70d3,False,
txn_a3a7a38c73,False,
txn_b424d1472f,False,
txn_763f7821cc,False,
txn_289c551108,False,
txn_1b4bc9007c,False,
txn_34e06f7073,False,
txn_3420193181,False,
txn_d806aa1a4b,False,
txn_da1912d6e2,False,
txn_057c22925e,False,
txn_974780714d,False,
txn_b66e1c891b,False,
txn_b816aff666,False,
txn_4b66379c56,False,
txn_0a086649ef,False,
txn_dca99bfa87,False,
txn_5dfe4a80d0,False,
txn_65c0eb719b,False,
txn_2abd7154ad,False,
txn_388c18e9a6,False,
txn_37c982bfaa,False,
txn_9c70a4743b,False,
txn_615d5a1acb,False,
txn_10bc08bec5,False,
txn_1ef24b2180,False,
txn_24e5497729,False,
txn_b0b6840445,False,
txn_2b9ea1e215,False,
txn_860a546883,False,
txn_fd4bb37bd6,False,
txn_e7933fd66a,False,
txn_6c741ed70d,False,
txn_e506b0b3a6,False,
txn_9b2baedd0a,False,
txn_5548db3278,False,
txn_a862042a0a,False,
txn_647b3cd59d,False,
txn_9e1351cb30,False,
txn_7355f0c0e7,False,
txn_8ce737e95d,False,
txn_fbe820d762,False,
txn_238b7f46d2,False,
txn_0f65330173,False,
txn_b8481ff384,False,
txn_c90a2a2f44,False,
txn_7f188dfa86,False,
txn_296eb9cdf1,False,
txn_4291e7bf39,False,
txn_ac31d5f44c,False,
txn_cc6fe8a4e2,False,
txn_ba930cfcba,False,
txn_11a3e5c7c0,False,
txn_64e76b877f,False,
txn_93e9d86d23,False,
txn_fdd48e37cc,False,
txn_ba902f4ce2,False,
txn_824ecc8323,False,
txn_3bee33d858,False,
txn_3f5bc86e6c,False,
txn_9a3812e500,False,
txn_9b968a6133,False,
txn_c65e69dde6,False,
txn_7f7a0cb081,False,
txn_bda1c42d26,False,
txn_6cffbe6d60,False,
txn_ee4d9c0391,False,
txn_2550b3db45,False,
txn_f22257ba11,False,
txn_1f75ed2a38,False,
txn_317e007463,False,
txn_c276ec823b,False,
txn_3b2ede004b,False,
txn_9fb93b6b35,False,
txn_e8feb2f64b,False,
txn_5b6ca59dd3,False,
txn_3f3ba61872,False,
txn_56f294375d,False,
txn_e86aa09ada,False,
txn_ac00ceab19,False,
txn_e27ca64f13,False,
txn_26d3d166cb,False,
txn_c285b0794e,False,
txn_c69509c8df,False,
txn_ab5c2d9287,False,
txn_adaa54885a,False,
txn_b56d6e68f9,False,
txn_16dce0b4bf,False,
txn_c2c73b1b03,False,
txn_3e7d1c6f48,False,
txn_a2c9b9807c,False,
txn_5157b6a525,False,
txn_8f67d332c8,False,
txn_784af8e4cb,False,
txn_9be29751b4,False,
txn_3c0ae0e447,False,
txn_1d4215e5a2,False,
txn_67eb3db7b8,False,
txn_d2b49f6584,False,
txn_3d722a8c95,False,
txn_3c8a0c6f4a,False,
txn_04d5748a92,False,
txn_a851344151,False,
txn_14a6eef965,False,
txn_15518bb46a,False,
txn_ae9b067173,False,
txn_fb0a9854a9,False,
txn_cda8c940fc,False,
txn_b8a3fc93b5,False,
txn_7475f8d4f8,False,
txn_68ff460270,False,
txn_64d5ed18ca,False,
txn_0e6a22c78d,False,
txn_7b54d9b6d5,False,
txn_d1536c9f32,False,
txn_9dfc3fa060,False,
txn_ea116b0799,False,
txn_c48c036759,False,
txn_4540084dfe,False,
txn_e1b1c52f6d,False,
txn_57325467c0,False,
txn_17704af63b,False,
txn_7d205db3e3,False,
txn_e11c6cc761,False,
txn_dbca17c0c7,False,
txn_2b2170a7b1,False,
txn_9e8db0f199,False,
txn_afec3f79a8,False,
txn_28891878f7,False,
txn_daabdcada3,False,
txn_62f9af73f4,False,
txn_dd12df9f92,False,
txn_e89fafc63e,False,
txn_2f7dcaf7c0,False,
txn_24af8e67df,False,
txn_30f394f95c,False,
txn_5c163e43b2,False,
txn_cac3870d4a,False,
txn_c67610f07a,False,
txn_e92702b36d,False,
txn_99c2e14ad7,False,
txn_9a27d7a31b,False,
txn_8ffbeef36a,False,
txn_ffe1239d6d,False,
txn_7fc1c02870,False,
txn_54bc482692,False,
txn_b15e51e2ab,False,
txn_0804a55858,False,
txn_0b494608bc,False,
txn_9eb8b472eb,False,
txn_c30dacd03f,False,
txn_a90331d08b,False,
txn_98395e5a57,False,
txn_b8f6207092,False,
txn_6ae5434f3c,False,
txn_4dbc818867,False,
txn_a41327a0d3,False,
txn_9c83e0f6ff,False,
txn_19c86c05b6,False,
txn_0c58faea97,False,
txn_0ce4afe178,False,
txn_1d20426daa,False,
txn_62bf8e6c66,False,
txn_39b87fc89e,False,
txn_3f58960e63,False,
txn_be6e7b166f,False,
txn_d509416510,False,
txn_b2c919c80d,False,
txn_1a79298de5,False,
txn_42f019aaf6,False,
txn_bb70728124,False,
txn_0fbcf1e4bb,False,
txn_c51795a410,False,
txn_8a69a19b5c,False,
txn_95eb0b7cb0,False,
txn_18599a24b5,False,
txn_7c27d7fb28,False,
txn_302f2e7ef5,False,
txn_c079481152,False,
txn_31e662e9ba,False,
txn_72cf23ef7e,False,
txn_711e0b92a0,False,
txn_93ae818356,False,
txn_3dfe2349db,False,
txn_0000e15141,False,
txn_3c0e062d58,False,
txn_19d8443b75,False,
txn_bd772ccb61,False,
txn_5a238a4512,False,
txn_a3471bfdea,False,
txn_6a7d4f4848,False,
txn_20436c52cd,False,
txn_73aea83b83,False,
txn_d29abc5831,False,
txn_665446f772,False,
txn_659b7968ee,False,
txn_e952fde442,False,
txn_c8f022ec35,False,
txn_8c21bfbafb,False,
txn_906fcdfc13,False,
txn_bc52ed70a5,False,
txn_e0aceee3d5,False,
txn_0d0cd0ce0e,False,
txn_d9651ed5dc,False,
txn_705425a16b,False,
txn_c9c51f0617,False,
txn_8c6ebac744,False,
txn_ab99242a37,False,
txn_ae19807357,False,
txn_a569d84da9,False,
txn_eee6855eea,False,
txn_0afdd4804a,False,
txn_0bde61c05e,False,
txn_3b0cf9f3cd,False,
txn_ded5f56fc9,False,
txn_37637d3da5,False,
txn_7bb43ac6ea,False,
txn_cf49d2aac3,False,
txn_3bda06b47c,False,
txn_4bf2228e99,False,
txn_917d6b3d92,False,
txn_97405b5232,False,
txn_32588ab943,False,
txn_a09976df9d,False,
txn_cec0c33dbe,False,
txn_86ce9c5477,False,
txn_2d41dbd302,False,
txn_1c18ad50c8,False,
txn_7efba116c5,False,
txn_b81c017450,False,
txn_63c95db1dd,False,
txn_30126190ad,False,
txn_41ce7d5fa0,False,
txn_d1794a3af8,False,
txn_0281285b4b,False,
txn_edd941e4b8,False,
txn_ad24ee4300,False,
txn_085b6aa2ea,False,
txn_5b8a3dc8f5,False,
txn_fc2a6ce305,False,
txn_596fe16480,False,
txn_e180720137,False,
txn_074f821f32,False,
txn_057b522d0b,False,
txn_7c9ce21056,False,
txn_2640ad9615,False,
txn_9050854b87,False,
txn_a4dcabefa1,False,
txn_cfb5b710fa,False,
txn_ea8b2cffa2,False,
txn_886cda4deb,False,
txn_934f14fb4d,False,
txn_5184bc3f50,False,
txn_b03b19d5e1,False,
txn_717e2a498e,False,
txn_3b711398f7,False,
txn_a3f3295376,False,
txn_55f9b0a74a,False,
txn_86675318e0,False,
txn_d584439364,False,
txn_2dca928d4f,False,
txn_bdbd903993,False,
txn_e866904e25,False,
txn_6a620eb168,False,
txn_ac69d5dc2a,False,
txn_9f2473e000,False,
txn_b136a0c17b,False,
txn_93f89249a9,False,
txn_9c3222878f,False,
txn_0f94c80da0,False,
txn_fa835639e9,False,
txn_55f900e89c,False,
txn_b118547fcc,False,
txn_1e415c0b74,False,
txn_d51c37ead0,False,
txn_c658add77e,False,
txn_c3c0cdc749,False,
txn_7236ab35c1,False,
txn_c4cad28391,False,
txn_6fc1e929c4,False,
txn_fb8127de69,False,
txn_4942fc41d1,False,
txn_64725a83c8,False,
txn_0123f77f92,False,
txn_7b3b64ab47,False,
txn_1b9ec8256a,False,
txn_64236fa0fa,False,
txn_9f6a3adf27,False,
txn_f9bfe6e69c,False,
txn_1b0a503dea,False,
txn_2496e5d975,False,
txn_6561a8a413,False,
txn_e1146519c1,False,
txn_4c71361dfb,False,
txn_5f8ef0651b,False,
txn_dc2366b3ae,False,
txn_1724a74b4a,False,
txn_4d7c23ed22,False,
txn_4aef75e182,False,
txn_6a230e4ad3,False,
txn_d5ddd7f3b3,False,
txn_0a8f44e354,False,
txn_970c50ff21,False,
txn_c476828dc7,False,
txn_789ae12981,False,
txn_8ec9f56562,False,
txn_b38dc3a628,False,
txn_dba395b092,False,
txn_9e29bfdf0b,False,
txn_8043f07336,False,
txn_4e8d2ffbbe,False,
txn_9749783a18,False,
txn_54f5c93b59,False,
txn_5d45c1c4c0,False,
txn_d2c7f559dc,False,
txn_7f7b4ed656,False,
txn_39e692f086,False,
txn_2111a0cf19,False,
txn_87cf6100d8,False,
txn_cf6f42e77d,False,
txn_a8a5d999d1,False,
txn_cab761653e,False,
txn_3b6482c8d8,False,
txn_cb552e89f3,False,
txn_ba9db98867,False,
txn_88e3e9cb81,False,
txn_a611c8620f,False,
txn_496cfe3838,False,
txn_7ffd00f055,False,
txn_a35af270ff,False,
txn_02105bd562,False,
txn_a3022cd724,False,
txn_b58ac577ab,False,
txn_0b2652bcf5,False,
txn_63c46c8379,False,
txn_fa50678c10,False,
txn_7f3665eb45,False,
txn_3ad750016c,False,
txn_f7f52dc2b8,False,
txn_23f6636dc1,False,
txn_559971ae33,False,
txn_390ebf6d8b,False,
txn_d61a1ac8a8,False,
txn_25397bc18f,False,
txn_ef7bf2b056,False,
txn_60d354613a,False,
txn_cc6e820b11,False,
txn_130b6b3aeb,False,
txn_96dcfecea1,False,
txn_3f38190366,False,
txn_17e33a8d63,False,
txn_6f09b02e1b,False,
txn_9140473151,False,
txn_0528045735,False,
txn_a6ed18095e,False,
txn_03a62d7e55,False,
txn_47bf301639,False,
txn_1dff6345e6,False,
txn_c09fed4088,False,
txn_3e40cdbf5b,False,
txn_506fba222d,False,
txn_7582bf93a7,False,
txn_3a5f85b3b9,False,
txn_901cda5435,False,
txn_41847b7ef1,False,
txn_ceb856c024,False,
txn_e6c76cb23c,False,
txn_4fce629665,False,
txn_f19eb70dbb,False,
txn_415f4377a1,False,
txn_5f4c1fc639,False,
txn_2735cddc41,False,
txn_7b81d8f5ac,False,
txn_b85e81fb5b,False,
txn_2883b7b803,False,
txn_1ce34ba060,False,
txn_5c71d4367b,False,
txn_6e39b2fdc5,False,
txn_95591fafc9,False,
txn_c7998d81aa,False,
txn_41492d3864,False,
txn_01e341e323,False,
txn_933cb720a9,False,
txn_ec57ef9244,False,
txn_ad1a6a9178,False,
txn_b2ad74c4a0,False,
txn_47116e0b8d,False,
txn_72d254862e,False,
txn_c88aef0b92,False,
txn_fcfba11a00,False,
txn_8f3d79970c,False,
txn_7d4ae6751c,False,
txn_ce5e34cb1f,False,
txn_42d94acba0,False,
txn_92acb2f0ec,False,
txn_2a86e54334,False,
txn_91bae4c3d7,False,
txn_da41b4d946,False,
txn_afd2547a2d,False,
txn_bf0883b9b3,False,
txn_872bf077a7,False,
txn_af44f2696f,False,
txn_39c3a52df8,False,
txn_864a082aeb,False,
txn_2e5a281792,False,
txn_b1b2e0a411,False,
txn_128572f1a2,False,
txn_53ac4698d2,False,
txn_eee73a874f,False,
txn_a109ef32c4,False,
txn_ef7d3f2982,False,
txn_21476b5382,False,
txn_62356cece2,False,
txn_84d82f0f39,False,
txn_a1831297b9,False,
txn_ed2aff2477,False,
txn_2e140f12e2,False,
txn_d2fea48fbf,False,
txn_775beb8783,False,
txn_ff0633b47d,False,
txn_3751c6b7f6,False,
txn_db4f5e13d3,False,
txn_f519778f10,False,
txn_435cb57cf9,False,
txn_5860ae0a02,False,
txn_61c5e6591d,False,
txn_0e45473642,False,
txn_2f2de94cc3,False,
txn_040d686f43,False,
txn_0a0f7c610b,False,
txn_da9e7310d1,False,
txn_b33d747861,False,
txn_f05ebcc146,False,
txn_8a0838a3d3,False,
txn_1615be1dde,False,
txn_1a5c889817,False,
txn_7e4525d877,False,
txn_6fc6cb1d50,False,
txn_34532e6b13,False,
txn_21506d1cdf,False,
txn_8c37f167c4,False,
txn_0293db40ca,False,
txn_d5be76b1bd,False,
txn_2a73939cbe,False,
txn_33c8830bef,False,
txn_ab95bcc4f1,False,
txn_5d7a6b3ec6,False,
txn_f548886076,False,
txn_fd4109fd73,False,
txn_cf92727b54,False,
txn_ba09fc61ef,False,
txn_df939c0d3d,False,
txn_72c9829aaf,False,
txn_2b4ae8403f,False,
txn_b05eb71888,False,
txn_60179a34af,False,
txn_ca4bae28e8,False,
txn_0838912810,False,
txn_35e4cbd970,False,
txn_0f00c2b26c,False,
txn_8fff90ce94,False,
txn_77d2414347,False,
txn_101f79683c,False,
txn_9255fba878,False,
txn_282144a7de,False,
txn_0684ac03ae,False,
txn_41376bb7b1,False,
txn_3980200eb9,False,
txn_f9e0845a87,False,
txn_219aeadb8a,False,
txn_9ae74ca5eb,False,
txn_1c66b03a42,False,
txn_911cc8e49c,False,
txn_70cf3d53e2,False,
txn_90700a17fb,False,
txn_a42d09c14a,False,
txn_e332984c92,False,
txn_1c5d206d4a,False,
txn_36b4897a8f,False,
txn_ed2842c6e6,False,
txn_0f85ead596,False,
txn_6e5b531aec,False,
txn_8978a3cefb,False,
txn_f41223940b,False,
txn_131bd9d848,False,
txn_2c13453e51,False,
txn_bf6678e80d,False,
txn_eee2a9c7fa,False,
txn_09a40f0882,False,
txn_18caaa74b7,False,
txn_d430e418cd,False,
txn_a8d4259731,False,
txn_c89707e447,False,
txn_7f6bf66c0d,False,
txn_b971de18b1,False,
txn_29b2bd4f89,False,
txn_5947b1cf5c,False,
txn_24f6768197,False,
txn_524d17da29,False,
txn_4dffed9899,False,
txn_da6ff97b6f,False,
txn_a9ba0dc46a,False,
txn_50c94c7b91,False,
txn_ed6b50b730,False,
txn_3744c60658,False,
txn_dddd00494c,False,
txn_dec6fac28a,False,
txn_d0c9eb2fc1,False,
txn_3639c1f0ea,False,
txn_794121252b,False,
txn_6de846f7ac,False,
txn_996247392e,False,
txn_ab7bb9620f,False,
txn_6bfd8b943d,False,
txn_d467d9d899,False,
txn_9351052208,False,
txn_c7508c49df,False,
txn_86469e60a8,False,
txn_0b99b408e4,False,
txn_16d17e3f44,False,
txn_a402347261,False,
txn_05cf9be2b9,False,
txn_33aacc49d6,False,
txn_3706ec93ae,False,
txn_d4e1f63298,False,
txn_b34b5ce64f,False,
txn_0888198002,False,
txn_aca1b5bc4a,False,
txn_78efde9bd8,False,
txn_61ad91f5ec,False,
txn_5f042ab04e,False,
txn_c7c052564b,False,
txn_432c22a919,False,
txn_9b6bb97750,False,
txn_98fb243c75,False,
txn_f884e5ebda,False,
txn_8a747eaf9a,False,
txn_90d18abe16,False,
txn_b3661fd688,False,
txn_3a95ad23ea,False,
txn_7344c2ffa1,False,
txn_056a80ce3f,False,
txn_087658ddb9,False,
txn_039876b979,False,
txn_10bf94d117,False,
txn_5f13b90af1,False,
txn_0da4c9e4e4,False,
txn_70719257e1,True,ring_07
txn_9b5e69b64c,True,ring_07
txn_223820ca8c,False,
txn_8d4acd70cb,True,ring_07
txn_5042349d94,False,
txn_a59c295631,False,
txn_8ce0631265,False,
txn_2f898b63f3,False,
txn_d44e8e6788,False,
txn_32c6e5f5c7,True,ring_07
txn_1ba14e5905,False,
txn_2b4d5122c8,False,
txn_993c267f4f,False,
txn_5e76421ef4,False,
txn_8fd918913a,False,
txn_3624910873,True,ring_07
txn_f1bd9ca685,True,ring_07
txn_9c03abaffb,True,ring_07
txn_ffbba289e3,False,
txn_356cf9cca5,False,
txn_a3bafc2872,False,
txn_e6f38693c9,True,ring_07
txn_7dd0488f77,False,
txn_6775472c4c,False,
txn_6d6353b6a3,True,ring_07
txn_12e73a0731,False,
txn_24ce1025f8,False,
txn_e409f07f32,False,
txn_4b5c200333,False,
txn_d9d1a40620,True,ring_07
txn_a29a2b8240,True,ring_07
txn_19646b7052,False,
txn_1d2318aee9,False,
txn_6d1b691277,False,
txn_0c6e24655d,False,
txn_0e5600367a,False,
txn_37ed28d68c,False,
txn_3b9a269e41,False,
txn_28a34b16f8,False,
txn_e05238c3ac,False,
txn_1e86c825f3,False,
txn_dc24cfeac0,False,
txn_408db5adf8,False,
txn_4267e132cf,False,
txn_ebd5ed961c,False,
txn_c064925dee,False,
txn_455dfbf78f,False,
txn_cd81676f58,False,
txn_4ae4d159fe,False,
txn_622661e9b6,False,
txn_9c55ddbbe6,False,
txn_55627a2a93,False,
txn_e988c9b905,False,
txn_0968a4e0f6,False,
txn_c42aea08c5,False,
txn_7a582363d8,False,
txn_6dcf603205,False,
txn_6a34518636,False,
txn_9beb0f0d16,False,
txn_a28daf5f83,False,
txn_38fc1fe0da,False,
txn_4d1c51ebfd,False,
txn_70ba1ca5aa,False,
txn_fdf0339a51,False,
txn_71f7fae4a4,False,
txn_484f1e88ab,False,
txn_1a9225a9fa,False,
txn_c98e8a0cf5,False,
txn_2093c5331d,False,
txn_882e09fa45,False,
txn_262a7e82ad,False,
txn_3e686ae40d,False,
txn_c809a6591e,False,
txn_9175c8c965,False,
txn_7e36eee588,False,
txn_6adf16502b,False,
txn_1f7f8d7673,False,
txn_f89b6958d3,False,
txn_c8b784b085,False,
txn_ff9ff5e46f,False,
txn_66e8a9c825,False,
txn_db92e2e138,False,
txn_ade86d37bf,False,
txn_38df95a3aa,False,
txn_1d3ad01f8b,False,
txn_e22c1a258e,False,
txn_b9b0cf4b95,False,
txn_40a5c67a8c,False,
txn_53c7161159,False,
txn_cac776ee13,False,
txn_65ae46b6d1,False,
txn_c7ee6e3b6d,False,
txn_ac38bfb4bc,False,
txn_463942855d,False,
txn_2418471ae1,False,
txn_8e21dfdd81,False,
txn_c9a004dbcf,False,
txn_6e527333ab,False,
txn_cb7fe410a3,False,
txn_8095f378b3,False,
txn_80da0f0cc1,False,
txn_66de382538,False,
txn_9bc92c9e87,False,
txn_8a9ea6e20b,False,
txn_581ca4e5a0,False,
txn_d2e417b951,False,
txn_47ce47bd8a,False,
txn_9990637423,False,
txn_0212ee7186,False,
txn_3c8813a5f8,False,
txn_c0d47dd303,False,
txn_2472a67653,False,
txn_694c9fcc2f,False,
txn_f799885260,False,
txn_1b8fc99641,False,
txn_06442e9385,False,
txn_1fe0c43268,False,
txn_7f9879a0c9,False,
txn_090514ca82,False,
txn_09553efe7d,False,
txn_bb6e36096b,False,
txn_eae5a609e4,False,
txn_bda0912651,False,
txn_fa9348a499,False,
txn_ed455cb540,False,
txn_f8a7c96a13,False,
txn_e3439ca2f3,False,
txn_96c74aa560,False,
txn_64238cc9ce,False,
txn_6c00a31fb4,False,
txn_7e4e48c209,False,
txn_674b6d6171,False,
txn_a6d880f0ce,False,
txn_bec2287538,False,
txn_b2b357af40,False,
txn_cfbea26dc5,False,
txn_8f7954c23d,False,
txn_06de7ec667,False,
txn_88b407b2c0,False,
txn_877973f25f,False,
txn_af2de329dd,False,
txn_79da3a5738,False,
txn_defaedab84,False,
txn_fa878c69b9,False,
txn_8883db0b4d,False,
txn_33da264af5,False,
txn_a80a72d35d,False,
txn_4ace49761d,False,
txn_c40dff0934,False,
txn_54bcff8261,False,
txn_ff4faab209,False,
txn_588784890e,False,
txn_912089b2a9,False,
txn_50d449b614,False,
txn_7cf4f2c4dc,False,
txn_d4e0e4104f,False,
txn_f6a38ea626,False,
txn_5e1e3c8099,False,
txn_a72669faa5,False,
txn_ddbe6c563a,False,
txn_4e52ad1d50,False,
txn_04bc974a5a,False,
txn_22572816c1,False,
txn_0a6abda008,False,
txn_7b63cbf685,False,
txn_3b7f59fa84,False,
txn_71d112364e,False,
txn_1b50be5396,False,
txn_b951fe8cfb,False,
txn_9548485530,False,
txn_5960697132,False,
txn_adcb75fa9f,False,
txn_acd20e5ff0,False,
txn_8bc84676e5,False,
txn_f7e30727c2,False,
txn_cb9515e424,False,
txn_937342f06a,False,
txn_1a6c6c5cc7,False,
txn_97a9fe62f3,False,
txn_409f13c2aa,False,
txn_9a2ebf1fa8,False,
txn_ba12d046c0,False,
txn_0ec7744ab5,False,
txn_0d348d9236,False,
txn_4aa7f51d04,False,
txn_c6856e0e5e,False,
txn_f5af9ba03f,False,
txn_ac7b0f557c,False,
txn_62c308b25f,False,
txn_5446a02c63,False,
txn_83eded5c85,False,
txn_ab805b2a62,False,
txn_dfec3dd290,False,
txn_bfeb4a8376,False,
txn_6b21a9c140,False,
txn_8987756cd9,False,
txn_be50cc331e,False,
txn_74cfd28f03,False,
txn_7c4b266948,False,
txn_915378575f,False,
txn_b81cc44894,False,
txn_268d575c75,False,
txn_65aff14dbb,False,
txn_34f2e2283a,False,
txn_502ef3311e,False,
txn_37a098edb0,False,
txn_92e266900c,False,
txn_eadc4674ce,False,
txn_a1f20b2434,False,
txn_c499265286,False,
txn_c4995181a1,False,
txn_7e1b1842af,False,
txn_dc1c529e35,False,
txn_bd6f58e87d,False,
txn_b11b7a2648,False,
txn_63e12e4462,False,
txn_d10de4d6bb,False,
txn_95361c6a77,False,
txn_b5631daa11,False,
txn_ab8cf7be8f,False,
txn_36e41b757b,False,
txn_e8df589afa,False,
txn_58a7cbe315,False,
txn_035ae36801,False,
txn_d7f0dbd12d,False,
txn_7feed35536,False,
txn_eab9a0ee27,False,
txn_bc1a0a1140,False,
txn_67a2a9c6a3,False,
txn_ab222d1358,False,
txn_9c512002c9,False,
txn_a138cce059,False,
txn_b07cfd48a8,False,
txn_5421a7d550,False,
txn_6d371b1501,False,
txn_d5667337b3,False,
txn_bc20859f46,False,
txn_69cd8aeff9,False,
txn_196b81495d,False,
txn_81d2b200db,False,
txn_980b18854b,False,
txn_a03b451f32,False,
txn_fb1c1a3116,False,
txn_3a1f200486,False,
txn_c5dd74ee82,False,
txn_7d3756d7ee,False,
txn_dc6982df43,False,
txn_294a536cab,False,
txn_10b66e6942,False,
txn_3097b2c99d,False,
txn_e86a6eb659,False,
txn_e74b3a63b2,False,
txn_2aa54ed881,False,
txn_d33eea0023,False,
txn_d66ace8af1,False,
txn_d61ed214ef,False,
txn_2b9a534357,False,
txn_5a6f6675f6,False,
txn_20bd58e082,False,
txn_4746699394,False,
txn_b9d10f6415,False,
txn_92da717b40,False,
txn_3a4fca935c,False,
txn_6e17b81dd7,False,
txn_7ae0213e7a,False,
txn_5ceaa6b4dc,False,
txn_879a8c513d,False,
txn_badcd21851,False,
txn_166f6a78e3,False,
txn_d993c43e40,False,
txn_de5546a7b9,False,
txn_4fb9a39b57,False,
txn_281bb98180,False,
txn_9ba2779078,False,
txn_f4d9b14daa,False,
txn_ca7d05d0fb,False,
txn_3bb4fed51c,False,
txn_7b015f3406,False,
txn_165a5e20d4,False,
txn_1375416e5b,False,
txn_7ab1faf936,False,
txn_ea73e1c959,False,
txn_f35c4b1084,False,
txn_ff053fa184,False,
txn_c0abd50c3e,False,
txn_1a574b8826,False,
txn_f2d89fa8cb,False,
txn_d14204e8dc,False,
txn_41d55fe7b4,False,
txn_d52aa296b6,False,
txn_b5e89cc4d2,False,
txn_7e515a551a,False,
txn_0d2ca5b629,False,
txn_a706f1ac34,False,
txn_8ee719146b,False,
txn_2baf34c015,False,
txn_0503fb178a,False,
txn_842072ce24,False,
txn_82d442ecd3,False,
txn_4d73c35d6d,False,
txn_5bc0c4804a,False,
txn_89f8a4125d,False,
txn_00609d0a01,False,
txn_9c4cf7509d,False,
txn_1038c384b7,False,
txn_9b7b6bcda8,False,
txn_91c9ee0cbe,False,
txn_9c18585607,False,
txn_e3f36bdd6f,False,
txn_6a0efb796d,False,
txn_741e19fc72,False,
txn_a7a975e8a3,False,
txn_55428da02b,False,
txn_5153e3dda1,False,
txn_a5a5b43977,False,
txn_3c124063b1,False,
txn_9d4f2d1be0,False,
txn_ff1a386c1f,False,
txn_a0272267cf,False,
txn_631abffc1b,False,
txn_070f2d8dc6,False,
txn_9e7fd79fe5,False,
txn_784253e2f1,False,
txn_ee2def2ec2,False,
txn_dec015c653,False,
txn_0d0ab55e89,False,
txn_b8376ef653,False,
txn_210edbe452,False,
txn_91973ac792,False,
txn_6a06cf0be2,False,
txn_8dff488a83,False,
txn_77325f9073,False,
txn_c6777daf18,False,
txn_3a1a8deca5,False,
txn_9904fedc11,False,
txn_6c24a7351a,False,
txn_00318b5832,False,
txn_c5e138a705,False,
txn_2c54b6eac6,False,
txn_78b392d16b,False,
txn_04815d18c3,False,
txn_43ae08d62b,False,
txn_a62916b1e1,False,
txn_ebd0e088b0,False,
txn_0a3360a4fa,False,
txn_81fca99336,False,
txn_2318ef16ef,False,
txn_22b477f17b,False,
txn_81751eb6b2,False,
txn_4e108be233,False,
txn_09f3c1a16b,False,
txn_2053b72c5b,False,
txn_ef5aad0c3c,False,
txn_08f3c986bc,False,
txn_c7f6d7e821,False,
txn_b108728e9f,False,
txn_08e7cc3489,False,
txn_6026c1f436,False,
txn_b67fa0c6c8,False,
txn_63c9305496,False,
txn_6eccd6e603,False,
txn_f38029579b,False,
txn_aa5dd72c07,False,
txn_73138e6353,False,
txn_c4cb61b5bc,False,
txn_2ba61a1dbc,False,
txn_17ba4c926d,False,
txn_4887b9365b,False,
txn_a4be69507c,False,
txn_f6a1757ef0,False,
txn_2a379dbd4e,False,
txn_636e891a86,False,
txn_d79f0a50d4,False,
txn_ae5812fea8,False,
txn_a36a05cbec,False,
txn_081f4c82f0,False,
txn_11ecfc66d5,False,
txn_2942cd85c1,False,
txn_4ca3b77376,False,
txn_56e7f93bc1,False,
txn_73c0f53a5f,False,
txn_65dc4be4be,False,
txn_6c48863839,False,
txn_5b4db1667f,False,
txn_2c6eff4ea2,False,
txn_1586ce634f,False,
txn_6e37dcea7b,False,
txn_d293fc47ff,False,
txn_1a979ab4f0,False,
txn_ee47737d36,False,
txn_04d85e075c,False,
txn_d4bbc1a47b,False,
txn_e7c7873c68,False,
txn_41615f0328,False,
txn_7eb7e9e625,False,
txn_7c44ecefe3,False,
txn_e594381940,False,
txn_a1717bce11,False,
txn_475c2ecdaa,False,
txn_5dc6e320b8,False,
txn_f7edc97dd1,False,
txn_3535d671d3,False,
txn_b8c7bb8291,False,
txn_103e457e8e,False,
txn_998e27270a,False,
txn_ef9b8a1f47,False,
txn_f1997ec1e8,False,
txn_cb09824d60,False,
txn_b3d568fa36,False,
txn_5f994bac38,False,
txn_4f3500acde,False,
txn_756eb8aca2,False,
txn_e91671d507,False,
txn_6608c92017,False,
txn_f687e944a6,False,
txn_d47e5861a4,False,
txn_9e31ad7b5c,False,
txn_f1b9c46ec1,False,
txn_98dd84e733,False,
txn_328b2c8e71,False,
txn_734d99f759,False,
txn_9ba829964b,False,
txn_ee918353d3,False,
txn_05a9205d06,False,
txn_8ed012e24e,False,
txn_c5afb397a0,False,
txn_5291ffea86,False,
txn_cbd325c554,False,
txn_d09d416a8d,False,
txn_62cce9d2ba,False,
txn_1a09750b95,False,
txn_e470164f33,False,
txn_da3ff70d51,False,
txn_f8738e67c3,False,
txn_e50c5c7110,False,
txn_529581ef5a,False,
txn_821391013e,False,
txn_770f5f6fb1,False,
txn_70c5a5624d,False,
txn_5910444335,False,
txn_b7c49883ff,False,
txn_26404e136e,False,
txn_017939b045,False,
txn_a801456896,False,
txn_10d98010d8,False,
txn_455e803f4b,False,
txn_277ab678b8,False,
txn_6d4a072b8d,False,
txn_8840fd3e3a,False,
txn_d94a4b5248,False,
txn_d5315c28be,False,
txn_b9aad7b7b2,False,
txn_9fc52685e8,False,
txn_e7e1940c2d,False,
txn_a56e891372,False,
txn_e8821b67b2,False,
txn_f8474abb27,False,
txn_e8cb030d95,False,
txn_d7903fb813,False,
txn_48f35ce452,False,
txn_9d691890dd,False,
txn_f495cab129,False,
txn_00e6d579d5,False,
txn_a08dda5be2,False,
txn_4d79a69753,False,
txn_9d6c298a10,False,
txn_79b58a5284,False,
txn_3d4d6d57a8,False,
txn_ed288c29bb,False,
txn_1ed86b0b34,False,
txn_a7ced80554,False,
txn_a932c69b34,False,
txn_75c7ab28a8,False,
txn_c30d0ba99c,False,
txn_785439d804,False,
txn_54c24f05e3,False,
txn_1bcc5392d4,False,
txn_4df4114b13,False,
txn_2d1180750e,False,
txn_da1d0e417e,False,
txn_58b1d59294,False,
txn_419889957e,False,
txn_2b8689d28c,False,
txn_3e1fb35a1c,False,
txn_c854a5d223,False,
txn_1e9ece3a51,False,
txn_2843357447,False,
txn_7bf8bba636,False,
txn_8de7146d78,False,
txn_bc44725e80,False,
txn_40ff883102,False,
txn_747ba71c3b,False,
txn_bcd08ad063,False,
txn_1a2f82f647,False,
txn_f63befe6a9,False,
txn_52918757a6,False,
txn_26eaf3f0f6,False,
txn_325c8f8c5b,False,
txn_25efc2d559,False,
txn_4134f9d95d,False,
txn_f5f6d668dc,False,
txn_fa20a243b3,False,
txn_03e3e0a3c4,False,
txn_afcc72b376,False,
txn_4905c2e34f,False,
txn_76cab86444,False,
txn_cbe31475ff,False,
txn_ad251bad70,False,
txn_86d017e6b5,False,
txn_e4b397a189,False,
txn_3c9c2c8840,False,
txn_ecfaee5758,False,
txn_a012a1dd32,False,
txn_3458f4c402,False,
txn_713c626886,False,
txn_e16bdcc253,False,
txn_d9e2d587da,False,
txn_bb9d1e710a,False,
txn_a5cdd75cd1,False,
txn_13bbabc2fe,False,
txn_0bd5c5d0d7,False,
txn_0c3b97fda8,False,
txn_b0fa489310,False,
txn_0ece2d2c12,False,
txn_72b7674768,False,
txn_86b5a08419,False,
txn_ab607dcf75,False,
txn_5a4598db4d,False,
txn_cd9a4af990,False,
txn_0082f93934,False,
txn_e827bd614a,False,
txn_804ca95a8a,False,
txn_7856974170,False,
txn_1254bcc082,False,
txn_acec20764b,False,
txn_b51db2c789,False,
txn_dcad09fd2f,False,
txn_1041ab4169,False,
txn_5fad1112b3,False,
txn_1dad1fd78e,False,
txn_fe37c6712c,False,
txn_f856ce2a50,False,
txn_7c44619145,False,
txn_e2499ecccd,False,
txn_8114452b37,False,
txn_10adebb70c,False,
txn_d25eb83255,False,
txn_de3dac23a5,False,
txn_098a3800f3,False,
txn_488025f253,False,
txn_7462522ba1,False,
txn_e7af3683b7,False,
txn_8b488b0df6,False,
txn_c0875d5e39,False,
txn_e46a2ef69a,False,
txn_3fc53bc6e9,False,
txn_7d4bec99dc,False,
txn_13d174f815,False,
txn_a0e9678a5f,False,
txn_a7eeb17e5d,False,
txn_e2355d2e7a,False,
txn_f7a01cb153,False,
txn_ff9f0ef43d,False,
txn_e4c51eb7b6,False,
txn_19fbc3cdc4,False,
txn_3b55903656,False,
txn_478a7df63c,False,
txn_f2ee62d4ba,False,
txn_c2c9a7ef79,False,
txn_9f5cf17e0c,False,
txn_edc01ffd7d,False,
txn_5dc8c2d318,False,
txn_5b07d1a02d,False,
txn_b71e0a5052,False,
txn_97733e2433,False,
txn_b1697040a2,False,
txn_9f91829691,False,
txn_b26151b94e,False,
txn_e61c4cb4ea,False,
txn_2c6812c1d7,False,
txn_8ccba64835,False,
txn_3b899f5aec,False,
txn_25a7045be4,False,
txn_1bcd8a2984,False,
txn_b1a686ffc3,False,
txn_a209355ff5,False,
txn_8d0b102212,False,
txn_0dbdb0fb21,False,
txn_d149738e42,False,
txn_fcd1411b48,False,
txn_ba9e106991,False,
txn_24c7bf8266,False,
txn_9db1b9e330,False,
txn_9aa50d92e4,False,
txn_75c1beb83a,False,
txn_aafe1c41c8,False,
txn_a0aac62309,False,
txn_58e4b2c48d,False,
txn_859f816da0,False,
txn_7bd7af5909,False,
txn_804d958cde,False,
txn_ecb0f68778,False,
txn_7f921e3cf4,False,
txn_7182184c47,False,
txn_1fdb561c86,False,
txn_1f9eac36da,False,
txn_9eebedffdc,False,
txn_e5d6a55df7,False,
txn_11c04c9027,False,
txn_51328ab34c,False,
txn_6393c374fc,False,
txn_ed6a5c3014,False,
txn_f84bff87da,False,
txn_b2c383eed1,False,
txn_2087e97eb9,False,
txn_1527245e53,False,
txn_62c721a7c0,False,
txn_7bc8e621c2,False,
txn_e5f3fad3ea,False,
txn_f7e7f82727,False,
txn_21372b3a94,False,
txn_02958555a8,False,
txn_bae508b9c9,False,
txn_af9665667f,False,
txn_434507424b,False,
txn_5fec713b4b,False,
txn_c0f0c1f088,False,
txn_57dd845db2,False,
txn_a02e060a49,False,
txn_00a2d81f08,False,
txn_fa72f3a19b,False,
txn_389b13aed5,False,
txn_a7ffbd62eb,False,
txn_94a748e09d,False,
txn_b620335144,False,
txn_e37c6a9c57,False,
txn_685dacd5e5,False,
txn_8bbba96002,False,
txn_049ea50d6f,False,
txn_b468d4132a,False,
txn_a8d899d5d7,False,
txn_1c0102d017,False,
txn_d4e75039f9,False,
txn_143fbd487d,False,
txn_f62588d271,False,
txn_e3a08b19b2,False,
txn_7b6c694d3d,False,
txn_bf342e8d13,False,
txn_4cbe8dd194,False,
txn_4fc0cff89c,False,
txn_28e48dbf21,False,
txn_a03071e236,False,
txn_e5a75e6c0b,False,
txn_beda78926b,False,
txn_496f34e0e2,False,
txn_05e6551363,False,
txn_8c8e5ab9ba,False,
txn_bc6cb5afd2,False,
txn_b9153177e1,False,
txn_1822481ee3,False,
txn_d8c4707c46,False,
txn_7b65442b8c,False,
txn_707fdc7df2,False,
txn_1a85d56de7,False,
txn_c3c6951c81,False,
txn_6ddf9938a5,False,
txn_a62ee5cfe9,False,
txn_80e679b50f,False,
txn_99195558e0,False,
txn_c6ff1779ac,False,
txn_04292a5101,False,
txn_2803a963a2,False,
txn_d344a7d129,False,
txn_2b6199c2ac,False,
txn_a3cf395d69,False,
txn_ab65b987bd,False,
txn_8946513e16,False,
txn_49fee78633,False,
txn_512fc50961,False,
txn_522d196dcd,False,
txn_e2d95ea007,False,
txn_64198045ee,False,
txn_faf83403a2,False,
txn_cda3944dab,False,
txn_7299b4e66c,False,
txn_27e4c9b58a,False,
txn_1f280d2102,False,
txn_82fe8ee652,False,
txn_b62c2e28bd,False,
txn_ba9a099881,False,
txn_4f8438749d,False,
txn_54714a50c5,False,
txn_b4069c2ba4,False,
txn_98aca05834,False,
txn_f5d9e1f5ce,False,
txn_7aeedde058,False,
txn_168f321904,False,
txn_1ed5a2e447,False,
txn_02f4814631,False,
txn_aa34ccd616,False,
txn_22a4442fd5,False,
txn_742561a5e2,False,
txn_4f51d353a5,False,
txn_e3dc8a10c5,False,
txn_4fc27f5b0c,False,
txn_fac9c87f22,False,
txn_5776c21776,False,
txn_a28d08fafd,False,
txn_b1ccbfc748,False,
txn_a45d7d3041,False,
txn_5edec77061,False,
txn_6ad68700d7,False,
txn_92bb9ce76c,False,
txn_8e7a496855,False,
txn_0184c7f1e8,False,
txn_3bee26213d,False,
txn_01762ae591,False,
txn_b387637986,False,
txn_6663aa9c69,False,
txn_f81647a477,False,
txn_d8d1848aa2,False,
txn_bff6c1064b,False,
txn_9b1f2d4f72,False,
txn_a5642dfe6e,False,
txn_8b6d83edc3,False,
txn_55a563fdc2,False,
txn_4f180baeee,False,
txn_77257024ee,False,
txn_e494e883e7,False,
txn_c223bfa9e6,False,
txn_7b5351cf73,False,
txn_dd2a9b8a38,False,
txn_45d46e7e3e,False,
txn_7082a6f4e8,False,
txn_06e3d7961f,False,
txn_06607da19d,False,
txn_982deca9c5,False,
txn_db7842a047,False,
txn_b7fc07fd16,False,
txn_9d8535cb27,False,
txn_1326761e32,False,
txn_8a1ea50aa4,False,
txn_cbb043e0d2,False,
txn_bb787f0f7f,False,
txn_83a551fc33,False,
txn_6955fd87fd,False,
txn_bab0cccde7,False,
txn_1eb6c4c5c2,False,
txn_f19f8cb429,False,
txn_e392e08f61,False,
txn_1e1e5efde4,False,
txn_bbc08b6679,False,
txn_13f6b896c1,False,
txn_2c709bd26d,False,
txn_9f0065d77d,False,
txn_088c94bbd5,False,
txn_f3d3396dfc,False,
txn_89b29b330f,False,
txn_6438786d1c,False,
txn_ad31479b55,False,
txn_ed8c67da7a,False,
txn_b75f394d09,False,
txn_55f0b48c53,False,
txn_8d55852302,False,
txn_78383c480a,False,
txn_e230d22f23,False,
txn_6055a13295,False,
txn_e0063648c5,False,
txn_2e1a813bac,False,
txn_90eb94d69f,False,
txn_85e15da0f7,False,
txn_dc1b3ac6b6,False,
txn_e363a2d166,False,
txn_17ce08561e,False,
txn_fecb385c3b,False,
txn_b9e3734982,False,
txn_708a128320,False,
txn_2bbb79ab5a,False,
txn_b2f36aeb95,False,
txn_fcc98e6f55,False,
txn_57672129dc,False,
txn_27b0e39138,False,
txn_262a348246,False,
txn_d300028da0,False,
txn_d0c11d080b,False,
txn_4d18f17c2a,False,
txn_56818c2fd3,False,
txn_ee05999641,False,
txn_9b682f8603,False,
txn_8ad8d54fbe,False,
txn_7fd4e09c8d,False,
txn_44c693aae7,False,
txn_288ae46d59,False,
txn_58791524d4,False,
txn_b07abe9e9b,False,
txn_6a463394b7,False,
txn_fab35504fe,False,
txn_7787174db4,False,
txn_d67a109a36,False,
txn_8b599b4b05,False,
txn_11f6d8a55a,False,
txn_8665d639b8,False,
txn_f8c6594c81,False,
txn_06f89b90a9,False,
txn_b9b81ef3f2,False,
txn_c47d782585,False,
txn_42be003ef0,False,
txn_e846f9d21e,False,
txn_e47d9b7f9b,False,
txn_6a1ea2c5f7,False,
txn_f4599928e6,False,
txn_f25c48601e,False,
txn_4a24a7d23e,False,
txn_b6cdd4b796,False,
txn_bce82f4a23,False,
txn_5a45d01030,False,
txn_fdabd8425d,False,
txn_afbeed5da6,False,
txn_0369435744,False,
txn_2cd97836f0,False,
txn_9c9d85a34a,False,
txn_0038801b1a,False,
txn_8eb8bb7b85,False,
txn_66b2f67701,False,
txn_33450f53c7,False,
txn_1b0fe1fb6f,False,
txn_0fb94020d9,False,
txn_3e1b2bd548,False,
txn_0f937f9dab,False,
txn_c1df62270f,False,
txn_b86f9f851a,False,
txn_800101c1c0,False,
txn_bc1dc7f6cf,False,
txn_049937ca38,False,
txn_7d80e320bc,False,
txn_75c6331c8f,False,
txn_c9b6bbcbda,False,
txn_8680b45b6b,False,
txn_7e16159a75,False,
txn_24d2e4439f,False,
txn_d6b8e4f54a,False,
txn_fd78fde693,False,
txn_98f9319473,False,
txn_58c1d64bb0,False,
txn_93bfe037f3,False,
txn_b4f28c6a4e,False,
txn_4161b447b6,False,
txn_70fbcbbdee,False,
txn_2151ba62ab,False,
txn_6a23ca5167,False,
txn_f327c0ceb9,False,
txn_fb822022b2,False,
txn_f7014cb8e1,False,
txn_559a043911,False,
txn_e21a989c2a,False,
txn_54c6786418,False,
txn_cbdfaf2e46,False,
txn_859bc0a883,False,
txn_78dddbda92,False,
txn_fffbc9ca8e,False,
txn_d95b2a914a,False,
txn_d63ce9603d,False,
txn_dd448fca77,False,
txn_f738376214,False,
txn_3c4536e27a,False,
txn_ad7f0237c9,False,
txn_9d0c0675e0,False,
txn_07a72ff9f2,False,
txn_070ca338cb,False,
txn_5b17d89d06,False,
txn_ad6a611ec9,False,
txn_b91c5034cd,False,
txn_ece8797f8f,False,
txn_4d2bdefde7,False,
txn_51485f8268,False,
txn_68477231dc,False,
txn_66476905da,False,
txn_bcc82752f9,False,
txn_8a13b2220a,False,
txn_051fcc003d,False,
txn_6e8afcd8db,False,
txn_b4d248f9c7,False,
txn_b09f46e6db,False,
txn_71ce9d3e7a,False,
txn_dac899510b,False,
txn_d439a1dfbe,False,
txn_ba8d8d8cd5,False,
txn_a4b7cc303a,False,
txn_17e0be4915,False,
txn_24eb8003b8,False,
txn_8c5a380fd7,False,
txn_527a3679ad,False,
txn_c79e2130dd,False,
txn_23b353df85,False,
txn_200c549a00,False,
txn_1da745dd0a,False,
txn_094c91fecd,False,
txn_57be313d7e,False,
txn_b887ae3dc8,False,
txn_505fa4393b,False,
txn_1c24e249fc,False,
txn_6acdc5d1b1,False,
txn_30c2d7157b,False,
txn_969507115d,False,
txn_d31fa0adce,False,
txn_7dbe0254a9,False,
txn_5a44169a95,False,
txn_e7e021d139,False,
txn_df53145955,False,
txn_6b96be00b2,False,
txn_71d1631f17,False,
txn_1e7b23a9c7,False,
txn_3a444009c3,False,
txn_7e4f22c782,False,
txn_a50a48f843,False,
txn_89efb3df03,False,
txn_429c7d5838,False,
txn_4235f27723,False,
txn_255717389c,False,
txn_415141aaf1,False,
txn_ebfce509b0,False,
txn_e3442af529,False,
txn_8f18d84a39,False,
txn_5bed39ef92,False,
txn_6b4b6e45b1,False,
txn_2a32957dc4,False,
txn_4af294f81e,False,
txn_f6f679fff0,False,
txn_6916a725f3,False,
txn_f90925e6be,False,
txn_395fed8e48,False,
txn_f94109e17d,False,
txn_e96558fbde,False,
txn_18a5bc645d,False,
txn_26edfe32fe,False,
txn_51e3898e8e,False,
txn_94b33b2c38,False,
txn_ba4c8428da,False,
txn_0a93cb51f7,False,
txn_609aab135a,False,
txn_58fd0ea79e,False,
txn_df3c1bc089,False,
txn_608a6c3ca8,False,
txn_8c5a97100d,False,
txn_c851005936,False,
txn_702952dc37,False,
txn_fe3bd5f533,False,
txn_0c03eb995e,False,
txn_86d95180c9,False,
txn_cf047d0a0f,False,
txn_6a10ee3119,False,
txn_ea7c688337,False,
txn_c8afec9b9e,False,
txn_0e79fa9601,False,
txn_aa5f4adade,False,
txn_19def6ceff,False,
txn_051647ed97,False,
txn_7a45c5eaea,False,
txn_64c65e7c46,False,
txn_0c6e8c4ac7,False,
txn_20af60844b,False,
txn_7924e7e60f,False,
txn_de0dad86a6,False,
txn_497043ffb5,False,
txn_6d7c918f94,False,
txn_5399dc5c7d,False,
txn_25611bc3bd,False,
txn_f493e0d5d7,False,
txn_8867969b61,False,
txn_eec658d822,False,
txn_22bbd443e7,False,
txn_a599cd1615,False,
txn_bee1cbb23a,False,
txn_6d8af9ec34,False,
txn_d4523b497b,False,
txn_ab56c49c14,False,
txn_fa7a9e18f9,False,
txn_c7be397ec6,False,
txn_3fe8a0cd5c,False,
txn_d38499519a,False,
txn_b9ce24e533,False,
txn_49315743c3,False,
txn_bfc7c07c4e,False,
txn_02a2489c98,False,
txn_d55f07005f,False,
txn_b9d3395b82,False,
txn_b0cde2b6fe,False,
txn_772d5a76cd,False,
txn_5d12af0d9a,False,
txn_505bef9070,False,
txn_6d7a479c90,False,
txn_d66d0cca45,False,
txn_6e1124a268,False,
txn_6685cb0c6f,False,
txn_098f75b8d8,False,
txn_d209d715d5,False,
txn_3d98ba9ef7,False,
txn_bf4940423d,False,
txn_feb9018509,False,
txn_26d397a6d2,False,
txn_c350b46aa1,False,
txn_5d726e28b0,False,
txn_cd21be5fe6,False,
txn_037e7202db,False,
txn_046c10257a,False,
txn_38b39d643a,False,
txn_42e7469a74,False,
txn_7d6b4c4a30,False,
txn_be142726f5,False,
txn_95090e6c94,False,
txn_97425e78d5,False,
txn_90f520dca8,False,
txn_ad29303bb9,False,
txn_b7e657e1ed,False,
txn_5670a3efff,False,
txn_df596550b4,False,
txn_45c64b3b5e,False,
txn_add544d3ef,False,
txn_b71b2eba4c,False,
txn_246a3978b6,False,
txn_43d27a2b09,False,
txn_e543f97b90,False,
txn_c47c2a208c,False,
txn_40fb28e509,False,
txn_bbd53b3bc6,False,
txn_ad535258ec,False,
txn_857c2db53f,False,
txn_7ba8da5c93,False,
txn_e03dd786a0,False,
txn_b02c6af4aa,False,
txn_310a61a5fa,False,
txn_a51a2dd43c,False,
txn_cc880e3c8d,False,
txn_17646fe5ff,False,
txn_5761dfcaad,False,
txn_20a80b141f,False,
txn_0a14235717,False,
txn_8b15bf4f91,False,
txn_1be1aac9b9,False,
txn_b3a2a22d4a,False,
txn_22981ec4c9,False,
txn_5743ca3eac,False,
txn_1eec0c1a99,False,
txn_d2d09ae385,False,
txn_626705e249,False,
txn_7e83715266,False,
txn_d3980f6d87,False,
txn_5db06b6385,False,
txn_3d6a44d46e,False,
txn_3a40624d9b,False,
txn_e881d7ac5b,False,
txn_9bd9b226ae,False,
txn_124ee9ffa6,False,
txn_195fbd169a,False,
txn_6ec4e66c57,False,
txn_941c0d1a72,False,
txn_59ec5d8541,False,
txn_5a6d439ac5,False,
txn_3850cb7dec,False,
txn_d5e5c86714,False,
txn_8431795b73,False,
txn_262e9676ae,False,
txn_4ea818f936,False,
txn_17f0a759a5,False,
txn_418569fa4e,False,
txn_eff619fa8d,False,
txn_f01780aacc,False,
txn_fb9f641411,False,
txn_2391417964,False,
txn_316f5f90c2,False,
txn_1e65ec14de,False,
txn_fdc2045e5d,False,
txn_6366c7fdb0,False,
txn_eaa044c14d,False,
txn_48fe6de16d,False,
txn_d1e058011d,False,
txn_94efc22882,False,
txn_657e593b89,False,
txn_c028bb59f2,False,
txn_90e1415366,False,
txn_025eb16cf1,False,
txn_cb9e5a6adc,False,
txn_51dd032a2f,False,
txn_e302d69473,False,
txn_af50e379bc,False,
txn_a3df0008b9,False,
txn_2067a048b7,False,
txn_411d4d540f,False,
txn_4a33deafbf,False,
txn_b2d96a42a7,False,
txn_6c0373966c,False,
txn_d14e3f8c8b,False,
txn_df955d80a0,False,
txn_de903f568b,False,
txn_4a6c288269,False,
txn_fbf36eb267,False,
txn_d2daa64eea,False,
txn_2d16fad813,False,
txn_ba32002012,False,
txn_900c5c7a7f,False,
txn_93a4b24625,False,
txn_b99ee27e92,False,
txn_f9580bb296,False,
txn_c05ec95506,False,
txn_54b58f73f4,False,
txn_0ffdca67e3,False,
txn_1ebeab337c,False,
txn_b6bed3d6da,False,
txn_807b36c736,False,
txn_f50aed6980,False,
txn_dd68d9fb78,False,
txn_4dea2efbfd,False,
txn_dba29c89b1,False,
txn_aaba54a44c,False,
txn_47a5e927d7,False,
txn_7930557d0e,False,
txn_7015ff2630,False,
txn_470a034669,False,
txn_cd30d65450,False,
txn_19671bbbb2,False,
txn_0427a4c338,False,
txn_ef1207e7a2,False,
txn_78fdf677c3,False,
txn_180abeab9c,False,
txn_0e70751eee,False,
txn_48a4e78ecc,False,
txn_2c403a1ad6,False,
txn_358b16b7b1,False,
txn_fe0d827a19,False,
txn_65eaaee0e2,False,
txn_49db0bea1b,False,
txn_90dee1d9f8,False,
txn_409772f8ae,False,
txn_f1eb6d4e0e,False,
txn_fc0fd26d30,False,
txn_1e59bf1405,False,
txn_2a807f3432,False,
txn_8133ae2d9d,False,
txn_33bc44f677,False,
txn_c73d009f28,False,
txn_6f698dd0ab,False,
txn_327fe275c4,False,
txn_b644cf6d7d,False,
txn_75b55e6a77,False,
txn_036183e88f,False,
txn_3de388b77d,False,
txn_d07c7d29c9,False,
txn_811e640839,False,
txn_244487a743,False,
txn_d1f4634a6e,False,
txn_ab98a4b33b,False,
txn_528a86ea58,False,
txn_31780e493c,False,
txn_ab7e072f83,False,
txn_535dfd61b3,False,
txn_c9400c63b2,False,
txn_ca3300114f,False,
txn_ebd708b032,False,
txn_9691f2f584,False,
txn_c82e49423f,False,
txn_a74a09d983,False,
txn_78b9735627,False,
txn_4dc2d5b6fb,False,
txn_c8cd11ecc3,False,
txn_a4c23a5074,False,
txn_6af0f33674,False,
txn_312f7dd370,False,
txn_62f8517954,False,
txn_520350febc,False,
txn_f31a8ac655,False,
txn_da0edf8a59,True,ring_04
txn_a2d0901adf,False,
txn_6333fac2f0,True,ring_04
txn_fad99cfd52,True,ring_04
txn_b16d33704c,False,
txn_034c2a5c48,True,ring_04
txn_301ab2ef09,False,
txn_9f3e40eebf,True,ring_04
txn_9d0adff34a,True,ring_04
txn_bf25a9db0d,False,
txn_e7f545da39,True,ring_04
txn_e4de02e1ad,False,
txn_82e5cbdd39,False,
txn_23b544d74c,False,
txn_0f140825e7,True,ring_04
txn_6ddad479f9,True,ring_04
txn_34afde42ed,False,
txn_4af4b7f7ad,True,ring_04
txn_a06b9ecbb2,False,
txn_d63dded429,False,
txn_725cf02fc8,False,
txn_754dd70821,True,ring_04
txn_a4697a5d9e,False,
txn_6b7ddb0f3f,False,
txn_ae45043d8a,False,
txn_6af84963e5,True,ring_04
txn_950fdbd2c4,False,
txn_268573255a,False,
txn_b3436a3f73,False,
txn_e50cc611e9,False,
txn_ef1214e3ec,True,ring_04
txn_7405a329c0,False,
txn_6ff11a3f96,False,
txn_b1db53bbd7,False,
txn_3dafe0db80,False,
txn_c6fccf2873,False,
txn_c24a712498,False,
txn_add1258a2c,False,
txn_7da5fc9cf2,False,
txn_0ca3ba17ab,False,
txn_d0dfb51121,False,
txn_64cd361d84,False,
txn_9d77630704,False,
txn_6b53c7d709,False,
txn_81b3f4de96,False,
txn_9f5cdcda82,False,
txn_2dadf2e62d,False,
txn_5d967852ee,False,
txn_83dae50c77,False,
txn_b9a134d94e,False,
txn_70b321b4ca,False,
txn_74eb23045e,False,
txn_e5fc0f4888,False,
txn_b4f9c4c046,False,
txn_573b79f02e,False,
txn_db4584c866,False,
txn_09dbf56de0,False,
txn_e1df843647,False,
txn_fa0c8efc85,False,
txn_3b29123602,False,
txn_0e5604776c,False,
txn_b2b0f98b2a,False,
txn_3986a7cee1,False,
txn_bb4466356c,False,
txn_1465fbd26e,False,
txn_8e1bce1658,False,
txn_bab630e1de,False,
txn_3474bd844f,False,
txn_e0a764ed21,False,
txn_00842dbae3,False,
txn_c6e47aa46e,False,
txn_d8cc05566d,False,
txn_a06f7554f5,False,
txn_ae97603c40,False,
txn_930573b6c4,False,
txn_02caf1a894,False,
txn_50b1d0096c,False,
txn_0baee97acd,False,
txn_b2a3bc1a14,False,
txn_8ecb9e9f6b,False,
txn_8f647b1a9f,False,
txn_20e02cec70,False,
txn_972e6a20ff,False,
txn_3afafba30a,False,
txn_f00b0c51d2,False,
txn_aabef15c46,False,
txn_a85c15b78c,False,
txn_d8eacea8bd,False,
txn_41ebf3035e,False,
txn_ee6bb8abc8,False,
txn_87fc6555c8,False,
txn_641875228f,False,
txn_2a2affd669,False,
txn_585c104d9a,False,
txn_e54ae1bacb,False,
txn_617d67c50e,False,
txn_f5437587e1,False,
txn_72cd033502,False,
txn_b2ee3ea7f7,False,
txn_f3f87860fd,False,
txn_3eed372814,False,
txn_c61b63459f,False,
txn_5ccab5a92b,False,
txn_44dca5fa2f,False,
txn_1977895674,False,
txn_926868344f,False,
txn_e7e1f099a2,False,
txn_942bf47589,False,
txn_1805ec179d,False,
txn_7f2a4d9bd6,False,
txn_e4eead687b,False,
txn_cd8b668f79,False,
txn_6e0492f55e,False,
txn_cd05249ccc,False,
txn_208ce44fab,False,
txn_1c3214cf5c,False,
txn_29c95df0d1,False,
txn_4351922fb2,False,
txn_399ad6d384,False,
txn_4400e2ba8b,False,
txn_fd3c300af5,False,
txn_4f281015d5,False,
txn_7927de3642,False,
txn_d3adef61a9,False,
txn_da0118276a,False,
txn_aab897aecb,False,
txn_169421d630,False,
txn_b20dc8a1de,False,
txn_0259343f31,False,
txn_df1949a87b,False,
txn_22d20fc346,False,
txn_6a061bf351,False,
txn_da754a4739,False,
txn_12fc855387,False,
txn_028833f5b4,False,
txn_bd92301edd,False,
txn_83ded4043e,False,
txn_f79bce7076,False,
txn_764ac6b212,False,
txn_5a040f7c3f,False,
txn_184705c4bb,False,
txn_4e3c1dd388,False,
txn_255656d8a8,False,
txn_7b5f2f6e4c,False,
txn_71ef3b4a2c,False,
txn_a4f06aa37a,False,
txn_f608f528d7,False,
txn_0a8b4751ec,False,
txn_935c33c4c4,False,
txn_c4096a7296,False,
txn_f03dc96fb5,False,
txn_e6e2bed063,False,
txn_1cbae6d2ca,False,
txn_fd8f399339,False,
txn_b7cf1263b9,False,
txn_2c9d81f01b,False,
txn_2864109b09,False,
txn_b2764d501e,False,
txn_c658fceeb9,False,
txn_ba8f9793a5,False,
txn_ed47fddf80,False,
txn_aebc960f2b,False,
txn_e1b7ab2f0a,False,
txn_840c10bbf4,False,
txn_bf57ef90a1,False,
txn_b0e73aea5b,False,
txn_64f67a0e17,False,
txn_9a017fb70e,False,
txn_c8816b27b6,False,
txn_9d9a47b4f7,False,
txn_be566f3bfb,False,
txn_cae68b5fa1,False,
txn_07996d8266,False,
txn_581ecbeb90,False,
txn_36e35b6925,False,
txn_1f8b26184a,False,
txn_e8b7dd5027,False,
txn_f26578854d,False,
txn_d98908b457,False,
txn_4cd169e1e0,False,
txn_4ed8507149,False,
txn_8d648838c7,False,
txn_c10d5b747f,False,
txn_84d76153a7,False,
txn_a2a109beee,False,
txn_1de0fc4107,False,
txn_d8b3eb9d18,False,
txn_57b9877db7,False,
txn_bf07c27487,False,
txn_5d66c6e8af,False,
txn_de00a21e5a,False,
txn_f829716183,False,
txn_b089e812b3,False,
txn_fc824b4fd0,False,
txn_294cbf1a51,False,
txn_3491bebdff,False,
txn_a2c17c51e9,False,
txn_f42a0649f9,False,
txn_28c6c07cad,False,
txn_388e36ccf8,False,
txn_4725d82cc0,False,
txn_6bb00c41c4,False,
txn_6b596d13e0,False,
txn_25d5e9489f,False,
txn_2b56b65756,False,
txn_73e1e50ce5,False,
txn_86ed50d494,False,
txn_928e62b214,False,
txn_381dc795fe,False,
txn_f25ebf38d9,False,
txn_ba9f6b0be5,False,
txn_9be32d99cb,False,
txn_46bfc6e59d,False,
txn_382aa30542,False,
txn_34ae037d72,False,
txn_27af4f2e98,False,
txn_05cfb1bac2,False,
txn_e1a201359c,False,
txn_8b5a91b99d,False,
txn_0aaea57c5d,False,
txn_40e1efa765,False,
txn_b4d5ba502b,False,
txn_3ad7056aae,False,
txn_adb3bda571,False,
txn_8db16c19b1,False,
txn_041e504301,False,
txn_5197b55d31,False,
txn_5c6ba775d1,False,
txn_1b6a668a6d,False,
txn_b037518ce6,False,
txn_996f1dd59e,False,
txn_8842eab3f1,False,
txn_bffd08771d,False,
txn_f971205fc9,False,
txn_fdc06fe06b,False,
txn_34ae34a57b,False,
txn_f65f729fde,False,
txn_58d7c85210,False,
txn_49391d6ddd,False,
txn_0cb45a2ab8,False,
txn_b7f0b13f44,False,
txn_b2cae30aea,False,
txn_09dd67b929,False,
txn_1c6c565b5e,False,
txn_e5d797ae9d,False,
txn_9ff9354260,False,
txn_673b6d67a5,False,
txn_acd73d547c,False,
txn_fe347ab4bc,False,
txn_5d7c1e32e9,False,
txn_d9b7b73726,False,
txn_8459ede69a,False,
txn_16b925900c,False,
txn_21f6de889d,False,
txn_ae2c7e536e,False,
txn_0534c3e5d6,False,
txn_9c28d38fec,False,
txn_89699503d5,False,
txn_0166c26bf6,False,
txn_1f1b41d15c,False,
txn_80ee4c769e,False,
txn_06c1d1af77,False,
txn_847f432ed1,False,
txn_509698f9fe,False,
txn_ed4aed8990,False,
txn_3e8170ca4a,False,
txn_fe9642437e,False,
txn_198751fc36,False,
txn_25c864dca4,False,
txn_64b4fecdc0,False,
txn_93c2eb48dc,False,
txn_5551bdbe00,False,
txn_f0e58ea846,False,
txn_56fef6d281,False,
txn_83dffde385,False,
txn_ff3181576d,False,
txn_b4d3b081ad,False,
txn_4ef9c75e7b,False,
txn_406134be6f,False,
txn_c0a420816a,False,
txn_79db5fca89,False,
txn_6f07dc6d4c,False,
txn_9cd0d7179f,False,
txn_a7f9e6eeea,False,
txn_c9c4f12c9f,False,
txn_3a36f5b0b9,False,
txn_c9b43985d2,False,
txn_00d6c231ca,False,
txn_2a7d4a0af5,False,
txn_9cc233e0aa,False,
txn_f725c81f53,False,
txn_0c21aff618,False,
txn_ac52e68e18,False,
txn_bf1c347247,False,
txn_38f9a9a6bc,False,
txn_d9b331c78f,False,
txn_66b53e3130,False,
txn_6785ddbe52,False,
txn_cc3b625aa8,False,
txn_0a1fc2c019,False,
txn_85db751014,False,
txn_7a79f5c4db,False,
txn_1292d84b58,False,
txn_413ca6c931,False,
txn_a9dd18ee26,False,
txn_64f4fa72e2,False,
txn_f02b32e18e,False,
txn_057bd8f8ed,False,
txn_8fffd94eae,False,
txn_ef0ad6921c,False,
txn_088aed342c,False,
txn_992245db64,False,
txn_d27b10a881,False,
txn_92fd458c46,False,
txn_c6a06b4430,False,
txn_3751a5afa1,False,
txn_eb8cc0df16,False,
txn_d423484032,False,
txn_1f744c6a48,False,
txn_5e76674743,False,
txn_23e5265945,False,
txn_838df713b4,False,
txn_5981affdfd,False,
txn_e3fa160be0,False,
txn_92f74d3874,False,
txn_c3a83079a8,False,
txn_a794512d33,False,
txn_7b885187be,False,
txn_6456812c8f,False,
txn_3659f4008e,False,
txn_b3d98c6200,False,
txn_67f383327b,False,
txn_f4d492a26b,False,
txn_b708fa007a,False,
txn_694936a56c,False,
txn_d7b216af47,False,
txn_4eb86e0316,False,
txn_d3405b3b1b,False,
txn_32720e6217,False,
txn_99ec289fe6,False,
txn_155380a6f7,False,
txn_f07e41b53c,False,
txn_ca55043676,False,
txn_c0269c575d,False,
txn_c585c3c889,False,
txn_6f0d1f14bf,False,
txn_f1cb4664b8,False,
txn_2ff865864d,False,
txn_6bf7bd291e,False,
txn_ccb15bf498,False,
txn_09200a9814,False,
txn_5e882634ca,False,
txn_b22029d2d6,False,
txn_09b71cb36d,False,
txn_414937aef8,False,
txn_0daeb7e467,False,
txn_d400850adc,False,
txn_b81448ed04,False,
txn_11ac5608ef,False,
txn_f53c0fc57e,False,
txn_111f323979,False,
txn_f552ea6076,False,
txn_5585a6fb18,False,
txn_970559f0ec,False,
txn_525a489e7d,False,
txn_79db984741,False,
txn_3bda2b87fb,False,
txn_dd0e39acf0,False,
txn_de32786c8b,False,
txn_afbe3b8b0e,False,
txn_f7c9d3afce,False,
txn_05a687fc70,False,
txn_a6d2b41e98,False,
txn_ac6a9b98a0,False,
txn_407bdd0b8a,False,
txn_69b37f3c43,False,
txn_a99c7e979d,False,
txn_b5b62576a8,False,
txn_8adc900067,False,
txn_fdb5c3cba7,False,
txn_9949b7d281,False,
txn_82bea77d7c,False,
txn_33477a4fa3,False,
txn_b9fc117249,False,
txn_310d0968ff,False,
txn_e7de5f6284,False,
txn_f605862153,False,
txn_e81be6dd56,False,
txn_871f259413,False,
txn_c26531649c,False,
txn_2724345aa4,False,
txn_df61519eeb,False,
txn_1d2442f827,False,
txn_39f1c4ce28,False,
txn_4df3b1f0a2,False,
txn_2b667e64a9,False,
txn_85ee8d0ac2,False,
txn_dd33d79b31,False,
txn_681b8fb2f9,False,
txn_a7e613689f,False,
txn_bbac6ac914,False,
txn_7db611694a,False,
txn_37b01263fd,False,
txn_9b8409dcc1,False,
txn_e8f34a27c4,False,
txn_d55f6a7227,False,
txn_4a377290b8,False,
txn_9848d2220c,False,
txn_2af976f1b5,False,
txn_e658e7b854,False,
txn_a02f6cfc6e,False,
txn_7d928113de,False,
txn_c2bb270462,False,
txn_e347a99b86,False,
txn_3dd926b06a,False,
txn_0c43bf64b6,False,
txn_14c8d6a9ff,False,
txn_e7c701936a,False,
txn_bd1d5ac8b6,False,
txn_ed37666257,False,
txn_ea90c80dec,False,
txn_1f51f38f7d,False,
txn_6837444273,False,
txn_8338eddffe,False,
txn_c9edcd0692,False,
txn_82c255064a,False,
txn_e3024ed183,False,
txn_6d4cb4dd5b,False,
txn_6705c2d6ca,False,
txn_f2ed52d55e,False,
txn_b8e717edd8,False,
txn_fe0c3133bd,False,
txn_2e809a3a25,False,
txn_3d16ada022,False,
txn_07c04a22a0,False,
txn_2abff80edb,False,
txn_9dca73e280,False,
txn_d977805ec8,False,
txn_f6b65cda87,False,
txn_67906a8b1c,False,
txn_39778d57e4,False,
txn_5083c5529f,False,
txn_7f099d6220,False,
txn_649a85ea40,False,
txn_ba59bc2fb7,False,
txn_778e66642a,False,
txn_db6de5e2a9,False,
txn_a3a7bfb7ea,False,
txn_ddf13b03b3,False,
txn_b95ffa2c98,False,
txn_7511ba7883,False,
txn_2269a63a53,False,
txn_c640db2698,False,
txn_0cbc7be907,False,
txn_5bd9e30011,False,
txn_a9114b671e,False,
txn_37b7b42703,False,
txn_f5f2048a51,False,
txn_f8a6a64640,False,
txn_b862df014d,False,
txn_f5cfec52c7,False,
txn_4460c20aca,False,
txn_1978ecb475,False,
txn_925813d892,False,
txn_2cd70aabb5,False,
txn_17c54750f7,False,
txn_59330055c0,False,
txn_6ea61368dc,False,
txn_7a97a5db50,False,
txn_28922c95e2,False,
txn_510f0b9d04,False,
txn_415031d560,False,
txn_f6ea356bf5,False,
txn_91753d908d,False,
txn_c40931ea45,False,
txn_97bf029016,False,
txn_aa2d71d954,False,
txn_daf1f53f5a,False,
txn_8c89abad1f,False,
txn_a4eff6ee07,False,
txn_c2f2b937ae,False,
txn_f545335db8,False,
txn_5be47eec8a,False,
txn_7dd86c6918,False,
txn_8769f18f4e,False,
txn_5f8d0f7252,False,
txn_4ac7d1e91c,False,
txn_7927aae671,False,
txn_371c1024c0,False,
txn_a0454bfeea,False,
txn_00d7197b68,False,
txn_2e6f58e138,False,
txn_2989a8f736,False,
txn_550d0d7e31,False,
txn_58b7c301e6,False,
txn_f0cce0dab2,False,
txn_866c7c53e6,False,
txn_f4f542bd18,False,
txn_af4c3068eb,False,
txn_44b43daf68,False,
txn_7b3bf82772,False,
txn_bac52ef8d2,False,
txn_b2f71e42ae,False,
txn_54d06f2dd7,False,
txn_1869497a42,False,
txn_0b80de4269,False,
txn_7bbf7bdf07,False,
txn_d8d6814dc1,False,
txn_233b23d97d,False,
txn_58a5b59c8e,False,
txn_a8aa6ce3ff,False,
txn_d4f6f63929,False,
txn_af1e3f1036,False,
txn_75f54bd1c6,False,
txn_8c5fb94df1,False,
txn_d8f4756ca0,False,
txn_21d4309d2f,False,
txn_bb187de076,False,
txn_9628d64753,False,
txn_db686659df,False,
txn_c98638e93c,False,
txn_aaf16997dd,False,
txn_34bb8465d1,False,
txn_8746e34eaf,False,
txn_3aad907e03,False,
txn_dd3a9f3844,False,
txn_fa7196a7d7,False,
txn_5f561de2c2,False,
txn_6de369283a,False,
txn_c56e6b3b5d,False,
txn_6bbd8674e2,False,
txn_a39dfb314c,False,
txn_5471f80baa,False,
txn_e3cbcd1f91,False,
txn_d4006fa774,False,
txn_936717eec4,False,
txn_2bbe47dfed,False,
txn_c1043c287a,False,
txn_4f23d5ae22,False,
txn_d188380e9c,False,
txn_4c3e599fc4,False,
txn_654a7d1585,False,
txn_ec900f94e9,False,
txn_7add3662ad,False,
txn_d346e765f8,False,
txn_028e6ade82,False,
txn_d29e9860cc,False,
txn_c7797c6324,False,
txn_9ceec7a23f,False,
txn_3f2d85ebfc,False,
txn_7466855093,False,
txn_b66608902f,False,
txn_4dfaba21f9,False,
txn_4dba3ce656,False,
txn_95cb8d5605,False,
txn_1d4f5cb21b,False,
txn_ce6f32228a,False,
txn_c6c2b686fe,False,
txn_8f472f4c40,False,
txn_8afa8b1017,False,
txn_3fff8987af,False,
txn_cf47e7ce48,False,
txn_c8676d6769,False,
txn_3fbbff5fbe,False,
txn_06201071bf,False,
txn_91bf4d2e29,False,
txn_a49b329cb9,False,
txn_326cda2646,False,
txn_25208a5ee2,False,
txn_46cd2009e6,False,
txn_f1ec568b48,False,
txn_42caeb5df1,False,
txn_b88cebbbe8,False,
txn_d214b4cb20,False,
txn_907fb96b17,False,
txn_cb9c30ae0d,False,
txn_f5a34577c8,False,
txn_d76c7b363c,False,
txn_20ffb7dd3a,False,
txn_af04f05b43,False,
txn_9459fbf5bf,False,
txn_2b41a3d61d,False,
txn_06c9a21f38,False,
txn_43c73385c9,False,
txn_3dd6bd0fad,False,
txn_f9e2dc8194,False,
txn_314817abad,False,
txn_35eea91226,False,
txn_7d67b5154c,False,
txn_b13fe21934,False,
txn_311114dd0f,False,
txn_b0184930a6,False,
txn_a3c1c9b201,False,
txn_bc4a909053,False,
txn_8b7c03f2ed,False,
txn_837ec032d1,False,
txn_5882498291,False,
txn_6c74a4938b,False,
txn_e21704336e,False,
txn_9fe0467db2,True,ring_00
txn_d99e0bf78e,True,ring_00
txn_ed1b006229,False,
txn_26cf23e389,True,ring_00
txn_947579423a,False,
txn_bf2800a206,False,
txn_6d048cd6d4,False,
txn_f1d7980aff,False,
txn_61627a77b3,False,
txn_8f3f9f9fdd,True,ring_00
txn_1eca68180f,False,
txn_437927e9db,False,
txn_88eb2ecab9,True,ring_00
txn_d47b02aeb8,False,
txn_2244878345,False,
txn_96db2e395e,False,
txn_83077fb1c1,True,ring_00
txn_dc8ec464a5,True,ring_00
txn_1620e080ca,False,
txn_da06f3c8d9,False,
txn_05550f408b,True,ring_00
txn_c3dfe0ad5d,False,
txn_eca2d0f6a8,False,
txn_68979c84f4,True,ring_00
txn_ae3092d87b,True,ring_00
txn_0592cafde6,False,
txn_b8a4747c4c,True,ring_00
txn_b56f1abf73,False,
txn_416794b517,False,
txn_02260225bc,True,ring_00
txn_0fb2424868,False,
txn_8ed3302c2e,True,ring_00
txn_340ec68331,False,
txn_3c1f421c88,True,ring_00
txn_e669d9a8f5,True,ring_00
txn_0168d23e81,True,ring_00
txn_5d46f89959,False,
txn_0e81677938,True,ring_00
txn_6ab5552cce,False,
txn_32fe3d4b08,False,
txn_2b35d825d3,False,
txn_471e5087c4,False,
txn_f8fd241816,False,
txn_8f67324c22,False,
txn_c9b577d5c4,False,
txn_47de15fc01,False,
txn_ecf411d65c,False,
txn_4451739f72,False,
txn_b0476681ab,False,
txn_6cf71b50c8,False,
txn_dd5cf8051a,False,
txn_4c7f3b649a,False,
txn_0b0b5f7ca4,False,
txn_bba85402ca,False,
txn_c00e1a6f68,False,
txn_2015e463a8,False,
txn_6fcd09daf5,False,
txn_fa09dc7577,False,
txn_693e7178ee,False,
txn_c769ae12ff,False,
txn_30e00c3861,False,
txn_4fea58f656,False,
txn_6faa16a998,False,
txn_0df68fb6d8,False,
txn_e0d6dc2774,False,
txn_f8776ab8a8,False,
txn_9990b3ac97,False,
txn_05117d1c0a,False,
txn_bc838bfd0a,False,
txn_25a23a6f93,False,
txn_18be86c8f2,False,
txn_5efb3c23fc,False,
txn_9a23ee595b,False,
txn_ca05740a9b,False,
txn_652d74a852,False,
txn_7cb5b90e60,False,
txn_fac549fff1,False,
txn_4e4ad393a0,False,
txn_b2099fd79c,False,
txn_b2ab9a584e,False,
txn_ebf5c0a11d,False,
txn_3bc92522cb,False,
txn_278ea12a56,False,
txn_49f475636e,False,
txn_6a25fbc84c,False,
txn_a7e2939653,False,
txn_fe0eab584d,False,
txn_f633c95ad9,False,
txn_5a3a3775db,False,
txn_088a19b771,False,
txn_09a6bf91eb,False,
txn_5540409805,False,
txn_fdae9a1e79,False,
txn_1a15af5c5d,False,
txn_d0f5ec7f69,False,
txn_35e4c52fa0,False,
txn_abc4caf51d,False,
txn_08f6ced64c,False,
txn_e328a5f71a,False,
txn_1666b8bc73,False,
txn_701a654312,False,
txn_88332ece46,False,
txn_9405cb3560,False,
txn_8a7abe0bb0,False,
txn_b598a1fd33,False,
txn_a91d6c68b4,False,
txn_2fc9922eb5,False,
txn_e2ca9c2d07,False,
txn_8c5de07ea8,False,
txn_da6cb1486b,False,
txn_5af2546beb,False,
txn_e3f2db7080,False,
txn_f0fc31a321,False,
txn_19c07213f5,False,
txn_3d0279cac4,False,
txn_f2402e1e81,False,
txn_df4391c621,False,
txn_0e5ba0042d,False,
txn_645477bd78,False,
txn_c979d0e3a3,False,
txn_6b5f8f0152,False,
txn_735d6b32ff,False,
txn_d795e422ac,False,
txn_e92b2314f9,False,
txn_d29fd5eb97,False,
txn_cb9f00efaf,False,
txn_eaf1986bf5,False,
txn_dcff20f0b9,False,
txn_2da072744c,False,
txn_5b393a3db1,False,
txn_1b6c0b942f,False,
txn_4067fc3d45,False,
txn_9649407a5e,False,
txn_7432b2de6f,False,
txn_b16f47a218,False,
txn_8067dfcfcc,False,
txn_b893baf3f8,False,
txn_bb243c8bae,False,
txn_28484ed560,False,
txn_a5d6766df3,False,
txn_e412a84d55,False,
txn_cf64da4a37,False,
txn_f4ef7dccde,False,
txn_b590f12faa,False,
txn_c75f8732a1,False,
txn_cbd39bc0de,False,
txn_8201f15e9b,False,
txn_d6f8f2d4e4,False,
txn_9cb08f7210,False,
txn_1be66a026b,False,
txn_37dbc85ffa,False,
txn_169d0d22f2,False,
txn_f93fdaa01b,False,
txn_417cfaa5ed,False,
txn_f7464a5018,False,
txn_02f0f56997,False,
txn_c0cc53dea2,False,
txn_6df8671dec,False,
txn_e7a63cc4f0,False,
txn_d027e4b8bb,False,
txn_9777b16fb1,False,
txn_d52e9db03d,False,
txn_1807f0f65f,False,
txn_a39db27b6a,False,
txn_2e59db307c,False,
txn_22502040b4,False,
txn_67651bcddc,False,
txn_95ad9e9054,False,
txn_462eaba8e1,False,
txn_6ca58d4d31,False,
txn_35cc45a4b3,False,
txn_1347fff52a,False,
txn_c5bf0d3179,False,
txn_89560df3cc,False,
txn_11f94716a6,False,
txn_75fe5511b3,False,
txn_a1f8931fac,False,
txn_7314eea34c,False,
txn_604e418fb3,False,
txn_9bcfa73171,False,
txn_f3d42b4560,False,
txn_48e4213725,False,
txn_3c1f3f2c1b,False,
txn_51394d9ca3,False,
txn_66d13aba06,False,
txn_3219827208,False,
txn_098678faa6,False,
txn_a2b0a9221d,False,
txn_76b1a2271c,False,
txn_11d06c23db,False,
txn_d56c8d550b,False,
txn_b96a6e8e02,False,
txn_79c1a12d81,False,
txn_1f30036a8a,False,
txn_255e874dfa,False,
txn_16963315d7,False,
txn_9ec9411b24,False,
txn_01062e94c4,False,
txn_e0ea243940,False,
txn_a3074bb95c,False,
txn_9a9b5e4923,False,
txn_8229bc1da4,False,
txn_6994f6c32c,False,
txn_6868500ffa,False,
txn_2d20b0baf5,False,
txn_825bfe517c,False,
txn_e18dc3ccb0,False,
txn_f7000424ab,False,
txn_4542527577,False,
txn_72386f281f,False,
txn_0b76f5ac1a,False,
txn_9c73219375,False,
txn_f1d6a7687b,False,
txn_ae602275f0,False,
txn_bdc31d1326,False,
txn_6740e6d5b6,False,
txn_9cbc8c2792,False,
txn_7d563c3589,False,
txn_36c20e46ef,False,
txn_213e22dcdd,False,
txn_c6d9985e04,False,
txn_4155c43c8d,False,
txn_7e51b30e99,False,
txn_f0edc7f73a,False,
txn_3033b8c017,False,
txn_15d87bd001,False,
txn_6ffb749b94,False,
txn_1ff221254b,False,
txn_ce112984f7,False,
txn_74aea4da14,False,
txn_f8ca1693c7,False,
txn_e7b170e09c,False,
txn_b86291703d,False,
txn_df3524b2f8,False,
txn_fb0156cfaa,False,
txn_5938af9b53,False,
txn_02ea0817f9,False,
txn_8d3259fe47,False,
txn_475932ee8d,False,
txn_ab0c6edf3f,False,
txn_6adf1fc104,False,
txn_c66b4c99fa,False,
txn_3eca0a44b4,False,
txn_df3294b2a5,False,
txn_e2b86ba845,False,
txn_45afde4ac3,False,
txn_980bd881c1,False,
txn_d523e27c6f,False,
txn_e2e78d6466,False,
txn_a6f4383827,False,
txn_849a4e19ab,False,
txn_c001fc66d7,False,
txn_a7bd9daf3f,False,
txn_1255aa0d19,False,
txn_6708b5e9b6,False,
txn_9136f2b807,False,
txn_d11bd1dd85,False,
txn_2cb9542469,False,
txn_6963c9ac8a,False,
txn_0fa1893d20,False,
txn_fb98e7ae4c,False,
txn_341464b009,False,
txn_b3b34a3535,False,
txn_f4dd4dd142,False,
txn_7de28f4500,False,
txn_c54cf1d005,False,
txn_ca00cd2463,False,
txn_71bb517580,False,
txn_b06b278b35,False,
txn_b00f0ff49e,False,
txn_524efd54c0,False,
txn_6632a7090f,False,
txn_1c086cd4ac,False,
txn_0fd01d7b5e,False,
txn_04db14e6c2,False,
txn_d8379675a3,False,
txn_bb5d83f1eb,False,
txn_405b4da78e,False,
txn_df56ddecea,False,
txn_d03b129196,False,
txn_bd909f80dc,False,
txn_ec8ea94ac7,False,
txn_bbb58a5b5c,False,
txn_c7c5781ff5,False,
txn_bda031d448,False,
txn_5f9f9bbee8,False,
txn_eb712ae1d9,False,
txn_4e2dda7321,False,
txn_28cef47ca0,False,
txn_b7cf9f235d,False,
txn_54ad531c95,False,
txn_fa561c8b44,False,
txn_65d1d9508d,False,
txn_dc4d33d8b0,False,
txn_66d9403d05,False,
txn_feb0d490de,False,
txn_107692e3ac,False,
txn_5277660942,False,
txn_37c200c759,False,
txn_0f92cc3535,False,
txn_8f64e32413,False,
txn_9947a1a058,False,
txn_d4aaf119a5,False,
txn_f623cb6c4d,False,
txn_c5e134eea6,False,
txn_7a5ad0c4af,False,
txn_10e039accb,False,
txn_4c393d56da,False,
txn_172dd55456,False,
txn_6e342732d3,False,
txn_ef66bae0a3,False,
txn_1b72652286,False,
txn_f43d82d5c1,False,
txn_30fbe0b34b,False,
txn_cb74586c18,False,
txn_e202a14176,False,
txn_ed64fc6d77,False,
txn_7ee9121678,False,
txn_5f16d17061,False,
txn_fb0ce904cf,False,
txn_9cfebe87b5,False,
txn_83274ba6df,False,
txn_7a353191d8,False,
txn_b6b177f042,False,
txn_c8565375d4,False,
txn_3926efb925,False,
txn_264647da18,False,
txn_5fe0d0a575,False,
txn_393c0c0153,False,
txn_3135632859,False,
txn_9685b6e6a8,False,
txn_65def66ae5,False,
txn_7a8c45b410,False,
txn_c5e7f8201c,False,
txn_e9c0438086,False,
txn_bf27ac42d6,False,
txn_8f45730422,False,
txn_f7fef85963,False,
txn_9ff521fa2c,False,
txn_618693463c,False,
txn_79ff7a13b4,False,
txn_b035105035,False,
txn_16e8c801a6,False,
txn_28d9c812d7,False,
txn_702c3657cd,False,
txn_cca52e1d12,False,
txn_ccea22f0b2,False,
txn_03e7c3d085,False,
txn_096a06d990,False,
txn_86897796f5,False,
txn_821df45ff7,False,
txn_96970a05d8,False,
txn_cf4410ebad,False,
txn_80b7bb6b85,False,
txn_57a8773ae8,False,
txn_a48ac876f7,False,
txn_d8060f0547,False,
txn_932488300b,False,
txn_ac780ae807,False,
txn_6c96428e78,False,
txn_0953441040,False,
txn_abe0bc0347,False,
txn_baf4eb14bb,False,
txn_f21763f7f1,False,
txn_10fd9e6af0,False,
txn_f2646c89f0,False,
txn_539dfdc961,False,
txn_0d0801da44,False,
txn_3c962641b9,False,
txn_af76619769,False,
txn_1bc3e92c5c,False,
txn_ed1229de2c,False,
txn_b67fedefeb,False,
txn_ba23a36ecc,False,
txn_9e8868fa82,False,
txn_67fe8387c1,False,
txn_7345549fed,False,
txn_29b96772b0,False,
txn_eba0794bf9,False,
txn_449212824c,False,
txn_31e9b4f518,False,
txn_5e7318fc34,False,
txn_159d8d086f,False,
txn_a59667b136,False,
txn_ea16239dfa,False,
txn_868580533f,False,
txn_abc7a97a17,False,
txn_c669cab034,False,
txn_648a21af4e,False,
txn_c68ff7f841,False,
txn_f52dd7fe83,False,
txn_fe22b302ac,False,
txn_c824025c2e,False,
txn_049f6cb709,False,
txn_2032338e72,False,
txn_c2ba006d42,False,
txn_21141c7f87,False,
txn_4e65f37b60,False,
txn_efa24dab97,False,
txn_184a47cf94,False,
txn_7645949972,False,
txn_2db6cae895,False,
txn_4a701f721f,False,
txn_f0eb8e9230,False,
txn_c33c5bc4d0,False,
txn_c106fe7066,False,
txn_50bd4cecbd,False,
txn_e9269fb1d4,False,
txn_2f900c0beb,False,
txn_f86c1cde2a,False,
txn_22e415560e,False,
txn_1075f27be4,False,
txn_6be3ff4c45,False,
txn_b9c49f34eb,False,
txn_39b7a393d0,False,
txn_c2f95f1320,False,
txn_4071710e10,False,
txn_e23079171e,False,
txn_28ffdcc84b,False,
txn_99bea172a4,False,
txn_d5f4fd2394,False,
txn_a55af844e8,False,
txn_7307d30d5f,False,
txn_8d36a9da46,False,
txn_5608a290ce,False,
txn_7ab27de427,False,
txn_89d89eb0f6,False,
txn_4cfd8e59aa,False,
txn_1eee903c97,False,
txn_a9fcf02103,False,
txn_57e939ebab,False,
txn_fa2116ce5f,False,
txn_1d028a9375,False,
txn_62defd4c2a,False,
txn_c018eb160f,False,
txn_9237446780,False,
txn_960fab30da,False,
txn_0642d81927,False,
txn_623f0e40e6,False,
txn_a20121343a,False,
txn_37be33f3c0,False,
txn_1838e099b2,False,
txn_b0807ba338,False,
txn_52c2be81f4,False,
txn_457bcbb5ee,False,
txn_8d8745d669,False,
txn_e09a43802c,False,
txn_ecd0a7ac4c,False,
txn_a3a0c6f878,False,
txn_bec215bdcf,False,
txn_2eefaa4a73,False,
txn_73397d8a2a,False,
txn_e1e75f38a9,False,
txn_141eb94716,False,
txn_4899637669,False,
txn_17af70b4d7,False,
txn_1eb7f2b643,False,
txn_af5771623a,False,
txn_c64e9d636a,False,
txn_bdab1e9e82,False,
txn_76fedeebc7,False,
txn_03f1050ff3,False,
txn_491c180ac8,False,
txn_cba5cd359e,False,
txn_64a1ddff4f,False,
txn_0f6c7b6fa1,False,
txn_7aa03f8fc5,False,
txn_6a4f869f08,False,
txn_58e11f388b,False,
txn_126d462e53,False,
txn_2359756c21,False,
txn_f0f671d5f9,False,
txn_e20816b917,False,
txn_11ed66b990,False,
txn_a005e96078,False,
txn_ed834c0eca,False,
txn_a1d344d3a2,False,
txn_4e65876172,False,
txn_e8827a4055,False,
txn_231e37a39a,False,
txn_95580c113a,False,
txn_06e3dd7df4,False,
txn_828a2484aa,False,
txn_e7de1ff40f,False,
txn_095c682234,False,
txn_6f5b59df18,False,
txn_020c34086e,False,
txn_d6d8f09fcd,False,
txn_dea296c634,False,
txn_afc0c0542e,False,
txn_1194d0efae,False,
txn_7672d78830,False,
txn_2c2456dc03,False,
txn_bee6142a46,False,
txn_b4927d8674,False,
txn_e9202c4eb8,False,
txn_e185ccc67d,False,
txn_280bfb9d2a,False,
txn_57b8a0f982,False,
txn_7a63d6bd8e,False,
txn_a4c311d50b,False,
txn_b8a1bcad92,False,
txn_932d6368c8,False,
txn_8459633346,False,
txn_d1b014477d,False,
txn_526d9af1d5,False,
txn_387c7df854,False,
txn_2113cc4dbe,False,
txn_e992312a94,False,
txn_6ff89849de,False,
txn_95aac51b3c,False,
txn_6365c734c8,False,
txn_6ee3772415,False,
txn_9a0bc341b3,False,
txn_043e3c0a06,False,
txn_87f4837c2e,False,
txn_a148bf325c,False,
txn_a4c4063087,False,
txn_233352eef0,False,
txn_45a8a2cfd7,False,
txn_a12df7cb42,False,
txn_bffad6b8ba,False,
txn_80198d7a04,False,
txn_51eb41b917,False,
txn_338fc02f3e,False,
txn_778d42afc0,False,
txn_7ebf149423,False,
txn_0ecbe5c318,False,
txn_d41b26c09f,False,
txn_c7a42be7fd,False,
txn_ae7b0b2249,False,
txn_a8b1288040,False,
txn_9de71970ec,False,
txn_f56bc38a3e,False,
txn_6acc4b2b95,False,
txn_569d6517c1,False,
txn_b73727ea28,False,
txn_853f98e486,False,
txn_b5b08bcd54,False,
txn_e30037456d,False,
txn_f4fce0db39,False,
txn_8d94f07b3b,False,
txn_4ea532626e,False,
txn_73df09975d,False,
txn_e286b1f2cf,False,
txn_5ce964ea45,False,
txn_33be777d77,False,
txn_3725790717,False,
txn_8bc9e836d0,False,
txn_5fffd4b47d,False,
txn_0457c1a454,False,
txn_7471827471,False,
txn_f6e4908c10,False,
txn_e1cac66ef7,False,
txn_9ecaefae4c,False,
txn_2f8548221d,False,
txn_1a043cbd8d,False,
txn_32c432b6d7,False,
txn_22cfa8cf2b,False,
txn_5dd7363ad5,False,
txn_382995cd65,False,
txn_ea52c59995,False,
txn_13a5ce2e7d,False,
txn_1869ed5d77,False,
txn_be97ab1608,False,
txn_063bc8e4b6,False,
txn_365da88ca2,False,
txn_3526ccbcca,False,
txn_dc91268b36,False,
txn_fa70d5ebac,False,
txn_b5da40f386,False,
txn_10cd20aa31,False,
txn_5334f9b2e1,False,
txn_396fb74e4c,False,
txn_c812783a19,False,
txn_22f02cb10e,False,
txn_f68e7e818d,False,
txn_311bbd688a,False,
txn_3953fbccdb,False,
txn_fe1bd8e06e,False,
txn_fc64551854,False,
txn_6316216618,False,
txn_fa5cb7c8bd,False,
txn_974b1acaa3,False,
txn_244035eb44,False,
txn_6e94f9abee,False,
txn_29fb564ee8,False,
txn_c02506e79e,False,
txn_dd689dcf83,False,
txn_a1e65a04c1,False,
txn_0ecf59f0f5,False,
txn_f8776b92e1,False,
txn_1694923dcf,False,
txn_77906966d4,False,
txn_dc649261d4,False,
txn_1f7b6d6a4d,False,
txn_1cf9d8c917,False,
txn_2a8a5431ea,False,
txn_e705a17bc1,False,
txn_5aaacfccae,False,
txn_174cd49ec1,False,
txn_9535afa5b3,False,
txn_eff7e25920,False,
txn_f657033ec6,False,
txn_91c7c9dacb,False,
txn_6309c19d2d,False,
txn_aa67d1d025,False,
txn_97ed77408c,False,
txn_a709631e8f,False,
txn_e738db4eec,False,
txn_cf560fde7d,False,
txn_ba74be5251,False,
txn_f4067f822b,False,
txn_f7124590a9,False,
txn_0f7f7a87e2,False,
txn_cdc3a28943,False,
txn_c3d11109fd,False,
txn_917d87851e,False,
txn_7931b1aec9,False,
txn_10d23505f8,False,
txn_606209beba,False,
txn_f5e9a2a099,False,
txn_074caa4ee5,False,
txn_a032624023,False,
txn_ef316dbe82,False,
txn_90ef16f989,False,
txn_baea11159b,False,
txn_844fcc1812,False,
txn_183718c341,False,
txn_a198a9940a,False,
txn_14ae245d13,False,
txn_af81c48f45,False,
txn_25eca79583,False,
txn_6f3b86a060,False,
txn_60091fc101,False,
txn_dd9e7242a2,False,
txn_1e597485f6,False,
txn_0aa2fc1c32,False,
txn_7e37870356,False,
txn_ca316f5853,False,
txn_d386fcaf0c,False,
txn_746825ed74,False,
txn_1978a4a9b2,False,
txn_0f6b636fe4,False,
txn_15f0de2318,False,
txn_55af4b50f5,False,
txn_a589714545,False,
txn_800abe02b6,False,
txn_9b842e5b59,False,
txn_977bb337e4,False,
txn_d2fb28a443,False,
txn_72c6554f49,False,
txn_5dbeb62291,False,
txn_8f85fdc335,False,
txn_224ed5407d,False,
txn_4e5a1155ad,False,
txn_d6168a612b,False,
txn_39e4f3898f,False,
txn_561e80be6a,False,
txn_0f12ab88ba,False,
txn_e316faace4,False,
txn_a1084ffc6b,False,
txn_c9a4f5cd6e,False,
txn_42f0385a0c,False,
txn_8ff267041e,False,
txn_d12e02f681,False,
txn_dd6248f348,False,
txn_16c372296b,False,
txn_4ec4a3527a,False,
txn_3b63a70eae,False,
txn_5df5a27634,False,
txn_26e16c9590,False,
txn_2449bbd275,False,
txn_6d3bca3f85,False,
txn_6656f18e12,False,
txn_c79409e510,False,
txn_c5245e7064,False,
txn_758de77195,False,
txn_9dc36cc5be,False,
txn_8d32c3f39d,False,
txn_cd78afbbf7,False,
txn_07900a78dd,False,
txn_8781760368,False,
txn_7b941e7030,False,
txn_76434e36c8,False,
txn_163c82fa17,False,
txn_0025c6a509,False,
txn_b4a1e824dc,False,
txn_adf4eabdf5,False,
txn_acde23e77d,False,
txn_180c3fdbdd,False,
txn_93077f7838,False,
txn_a2ce4d391a,False,
txn_8dcacd40f3,False,
txn_416ab04884,False,
txn_7cf92baa82,False,
txn_abedf50833,False,
txn_914022fb84,False,
txn_a11db7ac8c,False,
txn_d667e372e3,False,
txn_6533a26738,False,
txn_3dc96bb932,False,
txn_7677dddec9,False,
txn_1ab0b3218e,False,
txn_789dfff5eb,False,
txn_65c0fa6e52,False,
txn_ed67952b37,False,
txn_477ed83c1c,False,
txn_c91afc21b2,False,
txn_b45680ee26,False,
txn_3b5d050f3c,False,
txn_922cd03e5c,False,
txn_5c54ecd1fb,False,
txn_f702f00b05,False,
txn_e0309fd7b5,False,
txn_3e3f048f98,False,
txn_1c4276d614,False,
txn_f3459eeb31,False,
txn_4e594e66f5,False,
txn_61bb302932,False,
txn_2aefa75e9c,False,
txn_81a923e79d,False,
txn_85b16bc506,False,
txn_d18eb2eb32,False,
txn_38593c38c2,False,
txn_48c3f888c1,False,
txn_d29fabdff3,False,
txn_74ac3ad60b,False,
txn_11510773d5,False,
txn_44be788ab8,False,
txn_92d2f28b99,False,
txn_edd4013f92,False,
txn_5827f77baa,False,
txn_afb9a45144,False,
txn_0a9df62f08,False,
txn_4de88c2d92,False,
txn_51e6d53484,False,
txn_ae17c2d557,False,
txn_031c87b19d,False,
txn_71bbd828db,False,
txn_4baf0f8fea,False,
txn_3890321aa5,False,
txn_33f9cbe7d1,False,
txn_dda6b2f79a,False,
txn_e5573df64f,False,
txn_23602746a9,False,
txn_ba57c8a7d7,False,
txn_b9b50e13ed,False,
txn_7147a1af95,False,
txn_38b0830751,False,
txn_b6a1751ec7,False,
txn_8ba1b70366,False,
txn_1245416e47,False,
txn_f290e875e8,False,
txn_e397b24e78,False,
txn_8031d5dbe9,False,
txn_7fd530af17,False,
txn_566822697e,False,
txn_1386193345,False,
txn_26b66ae7ff,False,
txn_17e24330ec,False,
txn_da599e96c8,False,
txn_7f6014164b,False,
txn_75fca30d74,False,
txn_53fa8855fe,False,
txn_e781fa328b,False,
txn_5e69cdcba8,False,
txn_0b551335b8,False,
txn_7446950982,False,
txn_fa4d15b65b,False,
txn_b4a96d858b,False,
txn_e44aa8031e,False,
txn_5e60146096,False,
txn_2fbed5f852,False,
txn_c158f3db32,False,
txn_f294c352f8,False,
txn_110d27f7d8,False,
txn_05c65a8a76,False,
txn_b18b5fbd00,False,
txn_7fef7951e2,False,
txn_75c5f73ac9,False,
txn_c301390aee,False,
txn_7309c4e43c,False,
txn_56fbbd1d7c,False,
txn_c07f3e272d,False,
txn_95f1e32aaa,False,
txn_48dc6bf252,False,
txn_0932e34d1f,False,
txn_eb2fbbe77d,False,
txn_f122733c9c,False,
txn_8dd1381cc9,False,
txn_2aa5d127c1,False,
txn_1b6cf6ea57,False,
txn_57a87608f5,False,
txn_9e0e5052cd,False,
txn_65fa88e59a,False,
txn_0861986645,False,
txn_1e44f346e2,False,
txn_97e218ee1d,False,
txn_2b4b4ba7c6,False,
txn_03484bbdc4,False,
txn_3f1484a7ea,False,
txn_70b8575898,False,
txn_82f3fec4fb,False,
txn_efa4afa6ca,False,
txn_a7206fcc22,False,
txn_650c377a34,False,
txn_8d39ee6a7d,False,
txn_0ba594b9d4,False,
txn_dd3dc70662,False,
txn_548ae6c0a8,False,
txn_95087156ea,False,
txn_00c8590320,False,
txn_b5d72a1c16,False,
txn_ee087dee21,False,
txn_8525090655,False,
txn_9bc1044201,False,
txn_7c97ff45d4,False,
txn_696e903b5b,False,
txn_71c39e6cfc,False,
txn_32da92d1be,False,
txn_f839bff2af,False,
txn_5a8b888879,False,
txn_b2d4262f7e,False,
txn_b7e2b5a262,False,
txn_b1f4471994,False,
txn_894846c819,False,
txn_45f63db942,False,
txn_695a9f0cd8,False,
txn_8b23f7a142,False,
txn_908f3916d9,False,
txn_74da22cb2c,False,
txn_2236b47b96,False,
txn_16dd7a0d82,False,
txn_55806ac0c5,False,
txn_1c8f38a39d,False,
txn_ba8f0352f6,False,
txn_e450ef14bc,False,
txn_51776a0824,False,
txn_89038fc0f9,False,
txn_861b91db40,False,
txn_5cd4f9784c,False,
txn_50e10f924d,False,
txn_9c05f0e7f6,False,
txn_bd3e0d3001,False,
txn_acccd62b01,False,
txn_24c764f586,False,
txn_e80e25eacb,False,
txn_035feb2c99,False,
txn_8778ea4c55,False,
txn_4975b89808,False,
txn_c4e6533516,False,
txn_aee6f2e82d,False,
txn_38cfb1fbf9,False,
txn_b805bed7e9,False,
txn_6d5e03ca87,False,
txn_2f2d991d35,False,
txn_bcfa35359a,False,
txn_c180be3afa,False,
txn_414c070605,False,
txn_f6ef3f9f8a,False,
txn_015365ec5e,False,
txn_c4c293ce5a,False,
txn_250e0059cc,False,
txn_37f784b54b,False,
txn_c657959046,False,
txn_f012882479,False,
txn_2c546d9c9e,False,
txn_fe74c5de0a,False,
txn_2a1a5afd85,False,
txn_40c1c8d0fd,False,
txn_78db1d59c3,False,
txn_b10ee8033d,False,
txn_5d91da2d7e,False,
txn_f98fc5a035,False,
txn_d2a32817c2,False,
txn_3068ff7be8,False,
txn_112f5b8cd0,False,
txn_564a979c2c,False,
txn_a19da6983a,False,
txn_23dfb408ac,False,
txn_7673fcfbc5,False,
txn_e49f7c3b44,False,
txn_9eff154862,False,
txn_74befa4bad,False,
txn_6e2bba520b,False,
txn_541a42bf62,False,
txn_def490c24b,False,
txn_fc8033b268,False,
txn_15d4b47aae,False,
txn_92b1e81870,False,
txn_89a8860531,False,
txn_cafb84d3ea,False,
txn_fc13430e96,False,
txn_ee42f714fb,False,
txn_5ab0118d9e,False,
txn_2e33dc1008,False,
txn_e5845df424,False,
txn_8d976b26bf,False,
txn_b2ba0bc82f,False,
txn_ee31fc3c1b,False,
txn_93a6c7a37b,False,
txn_55f4d755c5,False,
txn_0d0dd2ef0e,False,
txn_8eb1addf48,False,
txn_b6e696460f,False,
txn_d266c4e8d5,False,
txn_0ebc8dab76,False,
txn_05cc56e90a,False,
txn_445aa0642a,False,
txn_5612686ee8,False,
txn_ef495130e2,False,
txn_de50e7bfaa,False,
txn_44a373d777,False,
txn_7ef61a3c96,False,
txn_7a1835ca2a,False,
txn_bcd891d996,False,
txn_29b4ebac5a,False,
txn_4176d60549,False,
txn_d7f42d10fc,False,
txn_a591029a4f,False,
txn_61f64badb7,False,
txn_a2bc4198fe,False,
txn_d18755ca12,False,
txn_684543410f,False,
txn_4c82ed98cf,False,
txn_afc9eaa449,False,
txn_f64aab96da,False,
txn_e5b922c16e,False,
txn_6fb599b206,False,
txn_8cdda56d2b,False,
txn_9fc921d410,False,
txn_d3b78a1ca1,False,
txn_fb9fbcf300,False,
txn_446256871a,False,
txn_6a6b1dd0d7,False,
txn_76b29eb2ea,False,
txn_e66f3d31d2,False,
txn_b69999e8a1,False,
txn_02b2d9a6b6,False,
txn_2d96a2fab6,False,
txn_4572e4e4fc,False,
txn_53ac058af8,False,
txn_a5dd30f358,False,
txn_c02f2ed632,False,
txn_ccb24cb845,False,
txn_2433e45b73,False,
txn_ac58e6ed82,False,
txn_c298ea5163,False,
txn_0d9bcf8b68,False,
txn_c53db9ced2,False,
txn_003b452094,False,
txn_e827d29018,False,
txn_6d50e2c959,False,
txn_7e08f38891,False,
txn_d16844d123,False,
txn_3e44ab82ec,False,
txn_0912b4129e,False,
txn_cd648bf2fd,False,
txn_f0103015e4,False,
txn_88b595e6f3,False,
txn_36a1d860cf,False,
txn_4b2f6dc598,False,
txn_6f4fc5a6c1,False,
txn_af9138b5d2,False,
txn_15b114171c,False,
txn_83ba3df2e6,False,
txn_890f50a797,False,
txn_1689c661ea,False,
txn_43d7ebfad1,False,
txn_6e30321f69,False,
txn_d56846499b,False,
txn_f53213fb55,False,
txn_a98aba6aaa,False,
txn_4ee18db2ee,False,
txn_68f37c5b62,False,
txn_b11cf38a6d,False,
txn_2b507a8517,False,
txn_05567486ae,False,
txn_2939bfc32f,False,
txn_8a69175198,False,
txn_7383b07c0f,False,
txn_3ef3d6d1b0,False,
txn_580d2f8c75,False,
txn_64963037e6,False,
txn_1dc4a4d73d,False,
txn_4bc781f864,False,
txn_2e00f6e033,False,
txn_c3a06ba831,False,
txn_243272350c,False,
txn_c287e8f634,False,
txn_6b3cb33018,False,
txn_98e9cc19e3,False,
txn_e7d1c1e378,False,
txn_757b6dc24e,False,
txn_cff725b1fc,False,
txn_3f6cab8ccf,False,
txn_d3879f15c3,False,
txn_8b30a84eca,False,
txn_435e1d77d5,False,
txn_fbf418d55d,False,
txn_9cec1ce8d5,False,
txn_d8964975f2,False,
txn_efc81137e9,False,
txn_a82126a7e9,False,
txn_fd613da0c5,False,
txn_d44b98ce44,False,
txn_51aa26eade,False,
txn_a9853339ae,False,
txn_bfb34796f6,False,
txn_6b4a76e031,False,
txn_64745010cc,False,
txn_d536a47b8e,False,
txn_48678af22e,False,
txn_1d9233a13c,False,
txn_6c1ee78ef1,False,
txn_28c936acb3,False,
txn_6308e18f19,False,
txn_504f3250c5,False,
txn_c62e22e15d,False,
txn_f2e0ccfe03,False,
txn_7645d29e3d,False,
txn_d4b58aaf7b,False,
txn_3cd95573c2,False,
txn_f501e9f846,False,
txn_877a0d02a1,False,
txn_d26de9db7f,False,
txn_48af731546,False,
txn_bd0ec9a581,False,
txn_67080df9bd,False,
txn_641ee1270a,False,
txn_5e9ffb176f,False,
txn_740a87b90e,False,
txn_b6f26c39f4,False,
txn_713806781c,False,
txn_86bd5fe2a4,False,
txn_658b5ac60e,False,
txn_c627fdb800,False,
txn_f35eee12ed,False,
txn_7c6c1350b7,False,
txn_494fc8bac3,False,
txn_90d073b72d,False,
txn_087738dda9,False,
txn_b15aeec953,False,
txn_f5ccec7dfe,False,
txn_bdee18b671,False,
txn_17472c120c,False,
txn_75d4866e36,False,
txn_2a0b72a0d6,False,
txn_60b5fe19d8,False,
txn_002227aa7e,False,
txn_93fcd7a7c4,False,
txn_626ce6c40d,False,
txn_25530d7559,False,
txn_c1fe7e0966,False,
txn_70e3c3a489,False,
txn_891c9bb75b,False,
txn_b7498d640a,False,
txn_14b4c77b51,False,
txn_1b66e16252,False,
txn_bacc9e62e3,False,
txn_c0d3f0413e,False,
txn_6885b3296f,False,
txn_6498b9792a,False,
txn_754934ce04,False,
txn_3d6ad9bdbd,False,
txn_d50261b349,False,
txn_3dde85d64e,False,
txn_7601c659f0,False,
txn_009f1d8c55,False,
txn_0110fa6972,False,
txn_fab9b27922,False,
txn_8bc832086e,False,
txn_b92b0a9683,False,
txn_ceae6303f8,False,
txn_e1f5fb2541,False,
txn_dabc3698b2,False,
txn_26c4bd2c10,False,
txn_4f4d52773b,False,
txn_ea289d063e,False,
txn_7e0663b294,False,
txn_14fee1a700,False,
txn_48513c75a7,False,
txn_436b3ff72f,False,
txn_880da9bd53,False,
txn_d5f6d3a108,False,
txn_b8ab12f1f8,False,
txn_a96c5f8050,False,
txn_70c5d19917,False,
txn_b279b08b59,False,
txn_8e0691c6c0,False,
txn_6446b0a70d,False,
txn_48cf4c7662,False,
txn_33b0602d7b,False,
txn_798956e660,False,
txn_f6c1055898,False,
txn_09f237fc9f,False,
txn_2f6d40647b,False,
txn_5de24650ca,False,
txn_fde286934f,False,
txn_8233123671,False,
txn_ffe9ee4598,False,
txn_723c6b7b4a,False,
txn_22c70458fb,False,
txn_4b41afa87c,False,
txn_2f3538037b,False,
txn_184c491bc9,False,
txn_6c551fa651,False,
txn_c9f32fcf9f,False,
txn_e53171ac4c,False,
txn_46636258f8,False,
txn_3e0e7fd06e,False,
txn_05acedf6fa,False,
txn_3a57f3934c,False,
txn_41ee1a7f84,False,
txn_650145adc7,False,
txn_c5a51b33cd,False,
txn_fb6ac5e5c4,False,
txn_ad96116bc4,False,
txn_971cf3c4f7,False,
txn_5cf82a55fa,False,
txn_e46a472b22,False,
txn_0025a62a74,False,
txn_6c2e9c7634,False,
txn_a8b12383ff,False,
txn_47d1d2ce05,False,
txn_b5e7f65f17,False,
txn_bd2d36ba04,False,
txn_283a9bfe51,False,
txn_6dd2df92f0,False,
txn_75b3dd99c5,False,
txn_b3e3f0bc6b,False,
txn_129d825f9f,False,
txn_e4e4648d1c,False,
txn_17bd893612,False,
txn_c80869c41f,False,
txn_93a9f4bf16,False,
txn_bf7d4119ee,False,
txn_e5894fa3cd,False,
txn_c254021592,False,
txn_77c2611b7a,False,
txn_4b6b6680bb,False,
txn_bcae756597,False,
txn_76c055f085,False,
txn_5a8554c9c0,False,
txn_61fbfa71f3,False,
txn_8a1a23a6fc,False,
txn_c18246ea2e,False,
txn_212bc03329,False,
txn_c77f82738f,False,
txn_fc3169a893,False,
txn_a19ddcf45b,False,
txn_f1edf90092,False,
txn_83d0f5f31a,False,
txn_ec6c63b465,False,
txn_892f9dea7a,False,
txn_b6d8c47e2b,False,
txn_b88b3f91ba,False,
txn_e2795269bd,False,
txn_771ecf9a84,False,
txn_3cc519eb2e,False,
txn_c3af7b9c96,False,
txn_f861c79bf7,False,
txn_5f4702b6a8,False,
txn_48f2b5f980,False,
txn_938c2d5fec,False,
txn_69aeaa1c7d,False,
txn_a02101b87d,False,
txn_67adc0b08d,False,
txn_7605f59505,False,
txn_be54da2c8a,False,
txn_aa2bfabb64,False,
txn_33ce663ec0,False,
txn_e3917caef6,False,
txn_04d520e738,False,
txn_fede35bbe9,False,
txn_da0357cfe6,False,
txn_70382f3c8d,False,
txn_b77127402d,False,
txn_0cbc14a1c8,False,
txn_289de9fdb9,False,
txn_0b6eeba267,False,
txn_1dc73f994e,False,
txn_7db66bef21,False,
txn_bfbc5a95bf,False,
txn_07fa1f10d3,False,
txn_ad0ac7b85c,False,
txn_a4cb6f9254,False,
txn_40ccfeaa08,False,
txn_523a99a936,False,
txn_7ac508a88a,False,
txn_5ac2008650,False,
txn_9ee27ed5fd,False,
txn_884cd7cb13,False,
txn_be7ae5fd76,False,
txn_943001a33b,False,
txn_13ad29eb01,False,
txn_47597945fd,False,
txn_5f6d95e2cc,False,
txn_e75e0f80e3,False,
txn_3738469d87,False,
txn_a072ef1696,False,
txn_3ea365ce11,False,
txn_3a2d03108a,False,
txn_c38250acbb,False,
txn_c67a8de20b,False,
txn_f6021de1ba,False,
txn_a2c7ecde1d,False,
txn_302833f5c4,False,
txn_32acbf9be4,False,
txn_d3221b7639,False,
txn_13b5f87588,False,
txn_55e3eea529,False,
txn_050a82971b,False,
txn_5ad8624b01,False,
txn_5dfcc50b53,False,
txn_ca10cd5b3c,False,
txn_592c116250,False,
txn_58b08dc8f2,False,
txn_f7898e501b,False,
txn_70d0c8ce47,False,
txn_30a0a24a9e,False,
txn_31e59c4eb8,False,
txn_7d6fe7ab19,False,
txn_c90b42b3b9,False,
txn_22ada71761,False,
txn_b082f4f02c,False,
txn_7daa4a3a3e,False,
txn_19ffc080e9,False,
txn_bb3b6de265,False,
txn_1d2f114d62,False,
txn_fbc5f0ed4f,False,
txn_6f37c6a4e4,False,
txn_8b350c001d,False,
txn_737605a95d,False,
txn_0de948f4ff,False,
txn_92edf56d51,False,
txn_db2e3c20ab,False,
txn_07ef11d78a,False,
txn_113aff1378,False,
txn_9b96e52940,False,
txn_1f430ea78e,False,
txn_6ade0d2d9c,False,
txn_fa8fcab942,False,
txn_b059b7c718,False,
txn_ede1edf1ed,False,
txn_91fc742aa7,False,
txn_0b34adc9a0,False,
txn_dbd67588db,False,
txn_8338be6436,False,
txn_4221596299,False,
txn_f5d422767a,False,
txn_4212753845,False,
txn_44161ee4f8,False,
txn_cac2f0e9c6,False,
txn_8e14c8e149,False,
txn_26f19af9b4,False,
txn_b22d1966db,False,
txn_8f29e54d9d,False,
txn_bbdec7e64c,False,
txn_b3d743ab62,False,
txn_31a1b30c9e,False,
txn_1a6b70edc1,False,
txn_9f8b47c9b9,False,
txn_8726059c32,False,
txn_2ee979c8e2,False,
txn_30ff65cbc1,False,
txn_50b1a0eae3,False,
txn_cd99107516,False,
txn_53fb7715cc,False,
txn_b343ba9d44,False,
txn_3564e0ebc3,False,
txn_ac08c70e98,False,
txn_dff94b3641,False,
txn_920e9a0a54,False,
txn_0d83510299,False,
txn_0a922115b6,False,
txn_a793eb8afa,False,
txn_6a262159db,False,
txn_b6e9e8e9e3,False,
txn_095a31ac3e,False,
txn_48ad3f62cd,False,
txn_3c0d28be1f,False,
txn_05ffe44c19,False,
txn_cd83077c41,False,
txn_924f25c234,False,
txn_6e58e32a1d,False,
txn_db73523adb,False,
txn_d89c31e85a,False,
txn_dd6c6df07e,False,
txn_903225d098,False,
txn_972ba16c1f,False,
txn_b49f34d054,False,
txn_0166989ba1,False,
txn_c5ab0761b1,False,
txn_48b8c4f53a,False,
txn_9a8246851b,False,
txn_dd87831628,False,
txn_ffc35a145b,False,
txn_8bc66fd4a0,False,
txn_8f6ccf4658,False,
txn_8384242084,False,
txn_8cd4a36fca,False,
txn_9d18c269b0,False,
txn_1157b37118,False,
txn_fbf7918f5a,False,
txn_0a8266516d,False,
txn_17fd72caa7,False,
txn_5021450278,False,
txn_1ff1a22e2b,False,
txn_c4f0cff3bb,False,
txn_a621a25179,False,
txn_b0bfc7d394,False,
txn_9a8c33fbad,False,
txn_fbd87cb6da,False,
txn_d636e5f4d2,False,
txn_5307233764,False,
txn_dfb6a8c5d3,False,
txn_e318989f06,False,
txn_18eee9dab5,False,
txn_8e5a9b3904,False,
txn_29d8d17f8c,False,
txn_832d81e37a,False,
txn_389f518941,False,
txn_4240c581e1,False,
txn_da9b18bc42,False,
txn_193ef1e066,False,
txn_30fe7b996a,False,
txn_5a05de6307,False,
txn_4f911c3592,False,
txn_cabc11ea1f,False,
txn_29ffd643a3,False,
txn_1bf5df2c2f,False,
txn_94c61e2446,False,
txn_0126ef2545,False,
txn_c74eb43844,False,
txn_be99d10593,False,
txn_6c6e6df4cf,False,
txn_017f3fb1de,False,
txn_2d08b64f19,False,
txn_fbafbb9b5a,False,
txn_f323ddf06b,False,
txn_39be8afad1,False,
txn_45646cfa84,False,
txn_8cd80cc011,False,
txn_62ece2be21,False,
txn_70a72ebd2c,False,
txn_90c60bf4b0,False,
txn_a49832c635,False,
txn_827c549db2,False,
txn_273cf934f8,False,
txn_fec062cb9e,False,
txn_f1298abed3,False,
txn_eb8940325f,False,
txn_3260fb668c,False,
txn_4d3430e40a,False,
txn_3160ce7b29,False,
txn_d66dfc98c2,False,
txn_e0fb3128d2,False,
txn_b79f714e92,False,
txn_f776d24f80,False,
txn_a71e1fadfe,False,
txn_79c31da3ef,False,
txn_ef14b0d1ee,False,
txn_b0532c1673,False,
txn_885cf2b7db,False,
txn_26b736c5e3,False,
txn_5ce53d7c88,False,
txn_578b26ea16,False,
txn_302b5e0b0e,True,ring_03
txn_c0358e7e84,True,ring_03
txn_cacfdeb2c1,False,
txn_7ba6718485,False,
txn_f1c0cee73a,False,
txn_85c57596cd,False,
txn_4e010d5e49,True,ring_03
txn_2b26ecec0c,True,ring_03
txn_325f0dfd59,False,
txn_37c6100ebb,False,
txn_719a093935,False,
txn_e516c55236,False,
txn_d95ed8550a,False,
txn_685b9d5a0b,True,ring_03
txn_706153fbfa,True,ring_03
txn_911fafdf61,True,ring_03
txn_439896beab,False,
txn_68dce72771,False,
txn_ac1f38f2a1,True,ring_03
txn_63cb46e0cb,True,ring_03
txn_0e5e300cbf,False,
txn_6138916818,False,
txn_bf16958468,False,
txn_96c004e290,False,
txn_68e31ce1c3,True,ring_03
txn_f283a73473,True,ring_03
txn_6a88c7f774,True,ring_03
txn_73fd540967,True,ring_03
txn_cb0e43f127,False,
txn_c23bf8f2c9,True,ring_03
txn_a299aa7ef9,False,
txn_cd5ff7d96f,False,
txn_ef25e32f4a,True,ring_03
txn_cd3b9bc066,False,
txn_13f4c481d2,False,
txn_1a510c5f82,False,
txn_6a2b4f569d,False,
txn_818690f48d,False,
txn_b8e6a800b4,True,ring_03
txn_c3d575859a,False,
txn_9ccc0acc64,False,
txn_5224e802e3,False,
txn_4fd630e723,False,
txn_c5bbce2f83,False,
txn_73074daafb,False,
txn_552bad3df2,False,
txn_ab0fa3f728,False,
txn_c384c463a2,False,
txn_e04edd2169,False,
txn_52444d9edc,False,
txn_11dccef0a9,False,
txn_c7fa2b6e3d,False,
txn_7b67045ecf,False,
txn_74719383f5,False,
txn_2957ef503e,False,
txn_a9ff6dd0c1,False,
txn_1325282c1a,False,
txn_aea19f6a96,False,
txn_dfcd5b4149,False,
txn_46aec7d779,False,
txn_e9a3e6bcf2,False,
txn_bbbd0c05af,False,
txn_d418b35797,False,
txn_30aa243051,False,
txn_1e321becad,False,
txn_40be66a30b,False,
txn_295a0385f6,False,
txn_0985630fd2,False,
txn_fe8ff83a31,False,
txn_9665a6089e,False,
txn_4e16407e9c,False,
txn_90043d0f6f,False,
txn_4e11f33d44,False,
txn_c3897a96b1,False,
txn_20048942fe,False,
txn_e03ece5d47,False,
txn_ec078c5ff9,False,
txn_f2bc084b3d,False,
txn_9db17b8212,False,
txn_c182a244ab,False,
txn_03a461dbf6,False,
txn_0b573e9c84,False,
txn_52d7af9772,False,
txn_dc43fafc00,False,
txn_5ab8142c08,False,
txn_22504bc265,False,
txn_982fc8f114,False,
txn_6fb0dc5fac,False,
txn_57ad34c833,False,
txn_7bc54f7c88,False,
txn_992a6ba5db,False,
txn_1d8f99d821,False,
txn_47683bac46,False,
txn_e04dd018f2,False,
txn_9730a709ea,False,
txn_6d91c2d874,False,
txn_c84f9c06be,False,
txn_380c95f737,False,
txn_5035bf3ef0,False,
txn_2fe603ce46,False,
txn_2de0eb69be,False,
txn_e00c4268bc,False,
txn_ecaffb051d,False,
txn_b812d2d804,False,
txn_6fb8f11c76,False,
txn_72741a1225,False,
txn_f76b9a020e,False,
txn_4005d2325e,False,
txn_0c73066a26,False,
txn_d67db93f9e,False,
txn_22d33d90d4,False,
txn_f391245919,False,
txn_4607c1b73c,False,
txn_6547d38cde,False,
txn_96a309b499,False,
txn_5534d29692,False,
txn_0d13fc9778,False,
txn_98d0221477,False,
txn_63b831f763,False,
txn_7c01115cc9,False,
txn_06e4318e4f,False,
txn_28e3720bb7,False,
txn_6b944c21f2,False,
txn_d721814eb7,False,
txn_779a519db7,False,
txn_910099272d,False,
txn_6258c91aee,False,
txn_00ad1f0a9b,False,
txn_7777b88479,False,
txn_efac1d61f6,False,
txn_8a93f0b17f,False,
txn_ffb9eead44,False,
txn_1d2581913f,False,
txn_7cb5d74fc2,False,
txn_afc342ac1e,False,
txn_cfc106ee78,False,
txn_bb1df0a75c,False,
txn_884034267a,False,
txn_726d8916f3,False,
txn_ca22fa4235,False,
txn_9cfd7495ec,False,
txn_5d8c09584f,False,
txn_c01ba3e6d8,False,
txn_85291e1db4,False,
txn_ba84b12433,False,
txn_8177d9d662,False,
txn_7a2f5099cb,False,
txn_d15e8573f6,False,
txn_04030c2c10,False,
txn_359a79f7eb,False,
txn_8193623bcb,False,
txn_db95703274,False,
txn_28b33381bd,False,
txn_fb5628a0a8,False,
txn_cb25198621,False,
txn_30ba988434,False,
txn_7da417597d,False,
txn_8544d77f97,False,
txn_9cc13ee3ab,False,
txn_67394fd269,False,
txn_d44d8c368e,False,
txn_4c28b4c631,False,
txn_979f237bd0,False,
txn_798e739bd2,False,
txn_f3c8762acd,False,
txn_f7dd9a705a,False,
txn_e31ddb2979,False,
txn_66230f0b60,False,
txn_776294eb20,False,
txn_e5ccf646cb,False,
txn_8b67bc96df,False,
txn_e31a611878,False,
txn_74c266fdb5,False,
txn_9932ea2319,False,
txn_462ee85d63,False,
txn_00dd919a9d,False,
txn_3c3bf064c5,False,
txn_29b31779aa,False,
txn_01c737c649,False,
txn_811b2f2ce7,False,
txn_8bad3af832,False,
txn_4bbc7745d6,False,
txn_927d0e4f0a,False,
txn_8d4cba5fe6,False,
txn_2a74c2e66f,False,
txn_1729a0090e,False,
txn_0190b63c64,False,
txn_81bd516d28,False,
txn_c170181f5c,False,
txn_25d70f2ae7,False,
txn_0d1e9c2bbf,False,
txn_c0cb0e2a48,False,
txn_9826e38982,False,
txn_1325e652bf,False,
txn_f8aa77ead0,False,
txn_89923d3a5e,False,
txn_3df58762c6,False,
txn_f8f7d7239e,False,
txn_1104ba894c,False,
txn_92735708f3,False,
txn_726048a81b,False,
txn_9849b949eb,False,
txn_e1000c7e33,False,
txn_e2a1194193,False,
txn_6ee1eeb254,False,
txn_317ae201fa,False,
txn_f9b5b10793,False,
txn_a5b7b2ed72,False,
txn_a5c58823a7,False,
txn_68c1e3f5f1,False,
txn_d11a8b5159,False,
txn_2a6132e208,False,
txn_dd5bf90506,False,
txn_d9ee861d5c,False,
txn_7738f8bff7,False,
txn_74afeed42b,False,
txn_b992d0af49,False,
txn_4fca7c0f8e,False,
txn_dca1328fcd,False,
txn_7f42cea9bf,False,
txn_e4a0182db9,False,
txn_07e2a1d19b,False,
txn_91c76582c1,False,
txn_9d25e90bd4,False,
txn_012ab5884d,False,
txn_e997c4dd2e,False,
txn_10afb57c91,False,
txn_fad276b4aa,False,
txn_a62518ba35,False,
txn_2344f634f2,False,
txn_2544676045,False,
txn_510797b7f2,False,
txn_a8f53fa844,False,
txn_c81c6e2ffa,False,
txn_96d16ac074,False,
txn_314aebe623,False,
txn_d075d12e5a,False,
txn_18bce7e813,False,
txn_eab17beae6,False,
txn_fd4832d180,False,
txn_e8ef2b3791,False,
txn_c77a36e2ed,False,
txn_6f4e699a4f,False,
txn_f75cc2bf36,False,
txn_8a16e50e1d,False,
txn_4e2b04cafa,False,
txn_564ff9a31a,False,
txn_13583bac29,False,
txn_19aaee663b,False,
txn_24a6004c92,False,
txn_1d0fe35ffd,False,
txn_8402e146b7,False,
txn_badd08a6d6,False,
txn_fe36ecb6be,False,
txn_d3af3effe8,False,
txn_76fdc20c6e,False,
txn_513314288d,False,
txn_2291b0218c,False,
txn_bc5a15bf72,False,
txn_451651fd01,False,
txn_03c6931ab5,False,
txn_8868fa02e9,False,
txn_cff279ab39,False,
txn_cd5947c95b,False,
txn_93b10d2a61,False,
txn_2206dbd008,False,
txn_3d364b3b68,False,
txn_5aa762acca,False,
txn_95e0f7ea42,False,
txn_0d668b3ee8,False,
txn_d297ac8165,False,
txn_a0aabd612f,False,
txn_8020df7faf,False,
txn_7b937b5425,False,
txn_dc620d6e87,False,
txn_3880792ef0,False,
txn_8b6905daf7,False,
txn_4e14954dd2,False,
txn_3e6d1a4a86,False,
txn_dc49646370,False,
txn_fc31aee566,False,
txn_d3cb9124d2,False,
txn_ab24a76f1d,False,
txn_792e1469bc,False,
txn_f39292e634,False,
txn_99b9a3f7ee,False,
txn_d0ba2f9871,False,
txn_a1e7775317,False,
txn_2f3953f929,False,
txn_7d4aeb8548,False,
txn_5be2630ba0,False,
txn_28a01133db,False,
txn_e814b8ab47,False,
txn_1e5d50da48,False,
txn_3a914e6056,False,
txn_b0479b8065,False,
txn_cf9b9b217f,False,
txn_1e79ffbb72,False,
txn_db67a74fc6,False,
txn_91c13c7403,False,
txn_a453ac0cea,False,
txn_cd1a5ade71,False,
txn_77e88d5849,False,
txn_3708293785,False,
txn_9ad896f08e,False,
txn_d16011472e,False,
txn_24967914b8,False,
txn_5548b32677,False,
txn_d9f513649f,False,
txn_270f440086,False,
txn_a3b351c59d,False,
txn_1a1b1e72d1,False,
txn_5cac84ae8d,False,
txn_be03edd464,False,
txn_452c2b2307,False,
txn_34e53c4683,False,
txn_0403857cdb,False,
txn_f09c1db2c1,False,
txn_15357238fc,False,
txn_42c9033092,False,
txn_c9a807a045,False,
txn_e99cbe15de,False,
txn_e6122e7d81,False,
txn_a677c137b7,False,
txn_75f3be8f92,False,
txn_04ead98872,False,
txn_262acf2f51,False,
txn_3f0729a53a,False,
txn_1db2470aa5,False,
txn_2d035777c5,False,
txn_0cdd8ecb10,False,
txn_f3c7810f6e,False,
txn_5a8a870562,False,
txn_f429a48de3,False,
txn_908f94d889,False,
txn_ae9c74a2c5,False,
txn_d07669de55,False,
txn_7d2cfd1702,False,
txn_e5576ca2b0,False,
txn_9390a3e233,False,
txn_fce7cd1c01,False,
txn_fc9446a9ff,False,
txn_61b1599214,False,
txn_845f66c535,False,
txn_0d9c311325,False,
txn_ae4c11d124,False,
txn_1453ea0ca7,False,
txn_cbbc89861b,False,
txn_3bc8cfdad9,False,
txn_d3b6dfd518,False,
txn_3cfee9603e,False,
txn_1ba9e3671b,False,
txn_658e368c4b,False,
txn_87ec965a41,False,
txn_17a958649c,False,
txn_c965793fb4,False,
txn_85e7205a27,False,
txn_1b7ab2a78f,False,
txn_1763a6bf95,False,
txn_557a40a087,False,
txn_f8bf1cae45,False,
txn_8705daadef,False,
txn_1fbe5a3b10,False,
txn_835e15bec6,False,
txn_48014830f2,False,
txn_767c8849cc,False,
txn_c747228901,False,
txn_05c2d65531,False,
txn_cf2384ea2a,False,
txn_e59a84e560,False,
txn_072f424c66,False,
txn_209868ae2b,False,
txn_581ac6cbe1,False,
txn_9d25a8bbb9,False,
txn_917b2ca685,False,
txn_920cb91297,False,
txn_8284fcfd05,False,
txn_e3f7293a01,False,
txn_5dfd70a284,False,
txn_b6a6930f16,False,
txn_f4f712905a,False,
txn_f7afda6232,False,
txn_62742de23a,False,
txn_3c0122bfe8,False,
txn_bebe22b099,False,
txn_4e3f14e773,False,
txn_a00fbb9ec9,False,
txn_8ef4013208,False,
txn_fe0a24da3d,False,
txn_2148bc4271,False,
txn_90a0c6120a,False,
txn_65fbd78395,False,
txn_d137ad507c,False,
txn_c727ae61b8,False,
txn_bf2cb7ed95,False,
txn_1f3ab23499,False,
txn_c30c2b6b6c,False,
txn_8a40bba874,False,
txn_f6250cfdab,False,
txn_d769eddb0d,False,
txn_defb27e0df,False,
txn_943bcbca10,False,
txn_6768e328a1,False,
txn_884bb2bdd5,False,
txn_adf8cef6c0,False,
txn_609882c727,False,
txn_3e030acde9,False,
txn_cc31266362,False,
txn_7bf483bfb1,False,
txn_b4ae186f6f,False,
txn_0908f6f4fd,False,
txn_ed419145a5,False,
txn_14ba659b17,False,
txn_6dcd0863ae,False,
txn_3a4fe7f195,False,
txn_43181a75bc,False,
txn_654c157cbf,False,
txn_472bece4b7,False,
txn_5ae05c642d,False,
txn_efeb86d0d4,False,
txn_61e74dc266,False,
txn_971baad930,False,
txn_a18460c700,False,
txn_83626f2b76,False,
txn_684dbe1a5e,False,
txn_40289b3b26,False,
txn_5a84333a17,False,
txn_2d38d72a98,False,
txn_5a1712684e,False,
txn_fd39555575,False,
txn_12965fd7cf,False,
txn_cd90fec197,False,
txn_7f839e5f1d,False,
txn_4ba34d052a,False,
txn_247800f502,False,
txn_f1147f417e,False,
txn_5f6044db16,False,
txn_20ce0f45c0,False,
txn_9bb1b6ac90,False,
txn_e95d24abd0,False,
txn_d8a6ca7e75,False,
txn_409de10b87,False,
txn_8be80238c1,False,
txn_9f186ebe49,False,
txn_4dc29f4242,False,
txn_ad03067a68,False,
txn_ffb5456032,False,
txn_5c2b07c472,False,
txn_c322e377a6,False,
txn_a3d8557025,False,
txn_83521d7847,False,
txn_52c6cb5585,False,
txn_863552363b,False,
txn_d01523fd1b,False,
txn_be835fe82a,False,
txn_23362a53cd,False,
txn_a4b2cfecdb,False,
txn_065e417836,False,
txn_e6cb2ca71e,False,
txn_e7f3bac8b6,False,
txn_dceee37bdd,False,
txn_d25f69e628,False,
txn_31a26bb06d,False,
txn_ce1f7f5c18,False,
txn_69e27107cc,False,
txn_1b57794316,False,
txn_c163e8eb7a,False,
txn_d7ebaf6792,False,
txn_9f2a962f0a,False,
txn_84d30772be,False,
txn_cdcfcc805e,False,
txn_1c4c19e47a,False,
txn_49aaf31c52,False,
txn_13762f035f,False,
txn_7d7ca8f5b3,False,
txn_ad49b2b629,False,
txn_ea67c7f794,False,
txn_069b830cdc,False,
txn_595e19f84f,False,
txn_96234b738c,False,
txn_41c75fe765,False,
txn_fafe8d5665,False,
txn_fb4587a604,False,
txn_11242b8826,False,
txn_e5ca9f8322,False,
txn_977a801892,False,
txn_55faf136ec,False,
txn_c2d90494ca,False,
txn_0095c8c6a7,False,
txn_cce30bd4bb,False,
txn_e83c1a19d6,False,
txn_70543527b9,False,
txn_b9a1a68f91,False,
txn_79d1d62b29,False,
txn_e4b4ae0794,False,
txn_528b2124dc,False,
txn_dc32cbdc9f,False,
txn_4eb1ebff3b,False,
txn_81b27297b4,False,
txn_b3373709d9,False,
txn_c4af1ab2ae,False,
txn_6cb0c20a91,False,
txn_e2531a302c,False,
txn_2fcd701cfd,False,
txn_bb688302a7,False,
txn_550bcf23f1,False,
txn_5b7c1ffad6,False,
txn_a660a075ac,False,
txn_7189b5025a,False,
txn_4d49b505d3,False,
txn_ace9769cbc,False,
txn_fe3158d0ab,False,
txn_b8a4ce08be,False,
txn_73dd6637f2,False,
txn_e133ad5e00,False,
txn_70a8c920d2,False,
txn_44f66954ad,False,
txn_e9fd643463,False,
txn_27972a7443,False,
txn_3bc8839bd5,False,
txn_28ab5a28cf,False,
txn_c94e5928e3,False,
txn_6774396520,False,
txn_a1b47f48a6,False,
txn_9de72d3d74,False,
txn_2070ab4c70,False,
txn_7404c343d6,False,
txn_b671cc007e,False,
txn_ecbf4147d6,False,
txn_4468548ac2,False,
txn_026284181a,False,
txn_7b3265ac45,False,
txn_5a6b7ae29a,False,
txn_32aff2ba7a,False,
txn_14452bc028,False,
txn_ff319bb9f5,False,
txn_56c502aba6,False,
txn_93cb25eb74,False,
txn_652bcd4bab,False,
txn_b5f00de1be,False,
txn_cb7ce8ddc1,False,
txn_bb84a8f93f,False,
txn_b729702c15,False,
txn_45865bda07,False,
txn_2ef599e786,False,
txn_68061e8dc2,False,
txn_240afcc401,False,
txn_a2b6c11f8a,False,
txn_7d1fbb4f0b,False,
txn_29029db068,False,
txn_45cfe2d4ab,False,
txn_cc463a43e8,False,
txn_d951788a68,False,
txn_ccc5d35909,False,
txn_a9c86ed55f,False,
txn_429c20c7aa,False,
txn_32f191b5fe,False,
txn_fec92d4e48,False,
txn_23e224a60e,False,
txn_bd761ef9e8,False,
txn_686f4ab7fb,False,
txn_1e45ab99b7,False,
txn_24ec1019dd,False,
txn_999502deab,False,
txn_9a9e449eb8,False,
txn_08695d874c,False,
txn_a54030300b,False,
txn_56269b51f4,False,
txn_5d4b16a784,False,
txn_c5de67cbf3,False,
txn_7c28aa22c8,False,
txn_99d8ec2db8,False,
txn_27cee85a26,False,
txn_f03e99b763,False,
txn_3ef2587eca,False,
txn_35bb72037a,False,
txn_7c185b6b6f,False,
txn_753f3b5b9f,False,
txn_0146dd6f9e,False,
txn_ebbc8fb13a,False,
txn_7392f03cbc,False,
txn_ddb6e990e1,False,
txn_7d5f885279,False,
txn_b8f56d566e,False,
txn_1f82db807e,False,
txn_c9d5c110b8,False,
txn_a56e7dc486,False,
txn_83626c1384,False,
txn_3f433f3ac7,False,
txn_10fac6a401,False,
txn_421a844ddf,False,
txn_caea9bdac0,False,
txn_df93fc4b97,False,
txn_8faf7d3bd1,False,
txn_f1373f1ea7,False,
txn_5361417e72,False,
txn_b161667814,False,
txn_420c0eea6c,False,
txn_80522fc2c4,False,
txn_eec5305a32,False,
txn_025a5151e2,False,
txn_5b4b0b9f13,False,
txn_0986874876,False,
txn_94a61b1e9c,False,
txn_8d4698ce8e,False,
txn_9ef6a0a33f,False,
txn_b23133885a,False,
txn_f166b5bcd5,False,
txn_916ac8bcb8,False,
txn_d03ba8eeb5,False,
txn_5acfd50a35,False,
txn_025471b954,False,
txn_e2a9932eb2,False,
txn_7191ed48f4,False,
txn_1748c74f44,False,
txn_c5ed177a81,False,
txn_eb96b38746,False,
txn_ca9a2c5a87,False,
txn_b545fecba0,False,
txn_e920e11caf,False,
txn_ddac8808f5,False,
txn_7b4f19a4af,False,
txn_f31681945a,False,
txn_f629556aef,False,
txn_e3659077b9,False,
txn_d28b9ec809,False,
txn_9d8d13afc8,False,
txn_26fd8efed5,False,
txn_eab2ff63f0,False,
txn_ce1565f6b0,False,
txn_0965d072be,False,
txn_34024c2a8f,False,
txn_7e8e05cf62,False,
txn_4bfeb76c3f,False,
txn_27ecbda61c,False,
txn_1d15e28af1,False,
txn_95b38fd94b,False,
txn_6ee0582e39,False,
txn_280bf7c43e,False,
txn_e5f3c3369d,False,
txn_66207f1e24,False,
txn_2113c35ccd,False,
txn_52b2eb6833,False,
txn_a59db0520a,False,
txn_284a14724e,False,
txn_93f73bf15d,False,
txn_c203105338,False,
txn_c566ee006b,False,
txn_62104e08ce,False,
txn_1e4366675c,False,
txn_ce1066381e,False,
txn_fdf31d72ef,False,
txn_70c167d3c8,False,
txn_10b7db1995,False,
txn_f643e975b5,False,
txn_9fe6cd50c0,False,
txn_de988b6e6c,False,
txn_0b34f99e5c,False,
txn_2a5ff4bee0,False,
txn_f453a8a959,False,
txn_6f9716706c,False,
txn_fd4d110bdd,False,
txn_f106d5dbad,False,
txn_306c50c6f0,False,
txn_cdb024511c,False,
txn_7d90c1d8e1,False,
txn_7845494e15,False,
txn_f7f634d0f1,False,
txn_fac7a266ab,False,
txn_b18b438a18,False,
txn_839ea34eb6,False,
txn_d763b89d85,False,
txn_a7caa36c1d,False,
txn_2ecf0f7604,False,
txn_5a9428cdbb,False,
txn_67644e942c,False,
txn_0b20f14a37,False,
txn_b95df97f93,False,
txn_6924756e2d,False,
txn_0a14a62479,False,
txn_e67105270d,False,
txn_46fc433816,False,
txn_33b3d76e17,False,
txn_5f628cd8b4,False,
txn_76fc78dbb6,False,
txn_5bf12e0154,False,
txn_fd3a5d7450,False,
txn_d54319dbbb,False,
txn_2bafdf9801,False,
txn_5d6bfa987b,False,
txn_20c6196ccf,False,
txn_2e90e40280,False,
txn_50d76a7d0e,False,
txn_7bdfd24868,False,
txn_a45d05d047,False,
txn_fbf0030d18,False,
txn_34992cc296,False,
txn_70881da101,False,
txn_8d908300bc,False,
txn_27f164f99a,False,
txn_0ae93bef9c,False,
txn_b5731bd06b,False,
txn_b8e96ecf8d,False,
txn_14047d7c49,False,
txn_6ff933a8bc,False,
txn_85d8f44cfa,False,
txn_d5bd9f949a,False,
txn_b78e8031c5,False,
txn_08c44c7cf7,False,
txn_05c6b29410,False,
txn_9d68c937ce,False,
txn_a2ff1069f9,False,
txn_684212ec71,False,
txn_137e6e306c,False,
txn_e7e4a65ed1,False,
txn_80ea424b3d,False,
txn_508ab71ce4,False,
txn_eeba8ad12b,False,
txn_6eb1eb8b79,False,
txn_2cb6ce2895,False,
txn_cdff324aa5,False,
txn_19d2e901b6,False,
txn_8113408bf4,False,
txn_6842688187,False,
txn_b49b1df7c7,False,
txn_c16e90b5ba,False,
txn_7ce844a06c,False,
txn_2208e77927,False,
txn_6ee1c1a5db,False,
txn_3a675a6561,False,
txn_cccf9f4f99,False,
txn_75ff178bfd,False,
txn_9189726cff,False,
txn_27f3d1632f,False,
txn_6902006a21,False,
txn_4a47d25208,False,
txn_edf3786087,False,
txn_c968b0143f,False,
txn_34fde491d8,False,
txn_6106c1425b,False,
txn_4c2b76a78f,False,
txn_e19c8a0c77,False,
txn_2b1d6bbcdf,False,
txn_9deabce0a1,False,
txn_5d32bce3e7,False,
txn_1e754ee156,False,
txn_9938aff861,False,
txn_25b7f06ea9,False,
txn_c59f42a79e,False,
txn_4f099da087,False,
txn_742a59438f,False,
txn_603858d92f,False,
txn_879666e162,False,
txn_aa3d4a1132,False,
txn_75a0e6818e,False,
txn_874c106822,False,
txn_e84d4be970,False,
txn_c89acd92aa,False,
txn_40d1f969bc,False,
txn_9f0045e5cc,False,
txn_350f112425,False,
txn_c01efc1aa7,False,
txn_0dcf863402,False,
txn_2688a810f2,False,
txn_7113737ed6,False,
txn_1555b09512,False,
txn_12253a91a5,False,
txn_87523ffee3,False,
txn_7538e5a7c8,False,
txn_48753b246b,False,
txn_0d1413a89a,False,
txn_37fea007a7,False,
txn_fca8a6bac8,False,
txn_d19b41b9e4,False,
txn_49db260484,False,
txn_76664989a4,False,
txn_3a3e072ecc,False,
txn_f9e17f1081,False,
txn_6dc9b91b0e,False,
txn_15553a9e5a,False,
txn_ce7b37f541,False,
txn_8ed775d1e4,False,
txn_1792471756,False,
txn_14c9fdd24b,False,
txn_51ad350624,False,
txn_d2e1077761,False,
txn_0e439c47dc,False,
txn_7edd060771,False,
txn_53d8ffd16d,False,
txn_5c417bf632,False,
txn_a5183cdf2e,False,
txn_ccd62f6ed9,False,
txn_0d9b247b07,False,
txn_378928d52f,False,
txn_4521c3315b,False,
txn_5182b3c58d,False,
txn_6eae05eebc,False,
txn_82560f0eac,False,
txn_d46ba7807f,False,
txn_f369dd0581,False,
txn_8ae3697032,False,
txn_c30aa2a71d,False,
txn_1935a88451,False,
txn_5ae920d09c,False,
txn_0d95f27797,False,
txn_1678ed4fb1,False,
txn_4adbf6cc9f,False,
txn_336b644887,False,
txn_5c4338fc04,False,
txn_d19aac9e4a,False,
txn_126dccf66c,False,
txn_f8be6f13bd,False,
txn_418ba2ee96,False,
txn_3faf317fb3,False,
txn_8f601642d3,False,
txn_ec678718ac,False,
txn_d328a2f757,False,
txn_601e49bf3f,False,
txn_8e5c33bada,False,
txn_d31762b7b6,False,
txn_1b2eb1958e,False,
txn_d40e7e79af,False,
txn_41dba32a42,False,
txn_34280fbf5f,False,
txn_f74ddb7842,False,
txn_2802f52864,False,
txn_8bfe179410,False,
txn_45e43d552c,False,
txn_a000d4e40b,False,
txn_0a6698cada,False,
txn_457b1680d5,False,
txn_17b29e9f12,False,
txn_2a55792081,False,
txn_b20d8a83a6,False,
txn_a31f5d1b40,False,
txn_a77c884826,False,
txn_233d8d20e9,False,
txn_e94dde8cc5,False,
txn_89be96a084,False,
txn_67e18b37af,False,
txn_5eef2eecf8,False,
txn_5f1a6cee77,False,
txn_7c570e2043,False,
txn_5f1480a8fc,False,
txn_cdcfa019ff,False,
txn_3d9b661560,False,
txn_5b259d3bb9,False,
txn_1f594c720f,False,
txn_9677ef504f,False,
txn_1121c253db,False,
txn_3b30cf432c,False,
txn_b52757fc61,False,
txn_d33d6db542,False,
txn_12647657ee,False,
txn_7c972a93fc,False,
txn_f50d673cea,False,
txn_b0c1d5eaae,False,
txn_f9141a4908,False,
txn_d0828592c8,False,
txn_f151471770,False,
txn_ee99a1cf7c,False,
txn_107361cc2f,False,
txn_b376d1075f,False,
txn_21dbb12c8b,False,
txn_46f285465b,False,
txn_9aafe73102,False,
txn_1edcb70458,False,
txn_6fbd2dbf45,False,
txn_d0467fbe69,False,
txn_725f7bde38,False,
txn_db93a96ffb,False,
txn_fc1179671a,False,
txn_e7e771c74a,False,
txn_1279df39b1,False,
txn_7ad2ea60ac,False,
txn_599732dc28,False,
txn_68c1ae7ffc,False,
txn_7235250440,False,
txn_db6c7b4c98,False,
txn_58e5a7ad59,False,
txn_79edb43664,False,
txn_6b9956ce55,False,
txn_e612a24df5,False,
txn_dee570e8e5,False,
txn_15d44214e0,False,
txn_eb494a8756,False,
txn_2461fa70c2,False,
txn_dca1778a69,False,
txn_16cda8b1c0,False,
txn_878ad24a69,False,
txn_0072fd5ed6,False,
txn_aa72f316a5,False,
txn_38f279c786,False,
txn_7b75759e9f,False,
txn_e673a5ecbe,False,
txn_d2d92bac10,False,
txn_6689c8f9aa,False,
txn_a631c8ef0f,False,
txn_5e77508f09,False,
txn_8820df088f,False,
txn_06f92c68cc,False,
txn_75f16baccd,False,
txn_e9986c32a8,False,
txn_7ef2abfb48,False,
txn_0abee96bca,False,
txn_6ca45141e6,False,
txn_cb101d05c1,False,
txn_37593f77fa,False,
txn_d1ba7fa219,False,
txn_002c8fecd9,False,
txn_46ef7f7055,False,
txn_fd23b7c06a,False,
txn_6e610e4226,False,
txn_d655a27b95,False,
txn_cd4b907875,False,
txn_e6ba88279f,False,
txn_03df1971c5,False,
txn_180c3301c4,False,
txn_38d2638782,False,
txn_efa4872161,False,
txn_cc4117ebbc,False,
txn_573957e7d8,False,
txn_87f7835a3d,False,
txn_e31d47981f,False,
txn_013fb480f0,False,
txn_d8f7a9572c,False,
txn_30f4f55d8e,False,
txn_92c662e568,False,
txn_5b60a2d879,False,
txn_67b5c93a5a,False,
txn_c4a0a3ae41,False,
txn_b2fb6da3ed,False,
txn_6267f30caa,False,
txn_f2665b62c1,False,
txn_9500ac2a20,False,
txn_ac111349cf,False,
txn_957c100e88,False,
txn_39f45b997c,False,
txn_055325c764,False,
txn_00b99323d0,False,
txn_782427bdbf,False,
txn_4454c56c25,False,
txn_f099a5e3af,False,
txn_6d8ec22c49,False,
txn_5b81aee5a7,False,
txn_c8379b19fb,False,
txn_a04a0e113d,False,
txn_78202cd9dc,False,
txn_d3eac54c6b,False,
txn_dcc1f67bac,False,
txn_d2ea117390,False,
txn_423b8d0541,False,
txn_aaff3fdd78,False,
txn_e248d66639,False,
txn_731b13ed18,False,
txn_73b6c4f962,False,
txn_521f40a710,False,
txn_b02e61dbcf,False,
txn_f3b574b231,False,
txn_6f0988fed0,False,
txn_9c63323ca0,False,
txn_83bee4d86d,False,
txn_08a8c39735,False,
txn_be764c4c1d,False,
txn_422fefe79c,False,
txn_cd4554747d,False,
txn_e7b0009504,False,
txn_7864cb141d,False,
txn_292f309eb5,False,
txn_0c55a409d5,False,
txn_2341381b42,False,
txn_d4455d9258,False,
txn_7cf0885bd6,False,
txn_7d78abab71,False,
txn_7770d850a4,False,
txn_7a38a9cb89,False,
txn_fe25013f02,False,
txn_396db4f6e5,False,
txn_2c3a66b3d1,False,
txn_f9ab0ce3d1,False,
txn_ac74b872fa,False,
txn_447df4d15c,False,
txn_1772d8bb59,False,
txn_ac7e7cf72e,False,
txn_a9fe5d0f23,False,
txn_c5537d9cce,False,
txn_fe637b5dd5,False,
txn_cd25d05f1d,False,
txn_38e2b60f99,False,
txn_e7acb01aad,False,
txn_918b6c9a7d,False,
txn_dfda242ece,False,
txn_36cbc00b31,False,
txn_a2fae391dd,False,
txn_07b67bae63,False,
txn_ea5cc06a36,False,
txn_53ab523868,False,
txn_1607550580,False,
txn_cf4be8acaf,False,
txn_5c13faf4c4,False,
txn_45d50014e7,False,
txn_2082e9603f,False,
txn_e08b9e9902,False,
txn_de3d03b172,False,
txn_b27fed8e22,False,
txn_4e87b1e406,False,
txn_b88655bc7a,False,
txn_4f7a98a458,False,
txn_f42c336b7f,False,
txn_34aa710f48,False,
txn_2f0e5ff6fd,False,
txn_a67e27a03e,False,
txn_a68201e777,False,
txn_a0d4c7ae0a,False,
txn_347d99ba55,False,
txn_698cc06f32,False,
txn_1172126cf5,False,
txn_67e3e6e53a,False,
txn_68562a0197,False,
txn_be97748a7c,False,
txn_f43a91ce63,False,
txn_cad7b283e6,False,
txn_ff46a013c2,False,
txn_78dc28cced,False,
txn_3e027f89c1,False,
txn_9caa7ab1b3,False,
txn_8d6fcc851f,False,
txn_7c9d2f1f3f,False,
txn_acd35426e4,False,
txn_d364c0036b,False,
txn_ed49a328e6,False,
txn_cbdc0307bb,False,
txn_0531b8e144,False,
txn_42f142e074,False,
txn_d5a1d6cbf4,False,
txn_3fb61b71de,False,
txn_84b9b327a5,False,
txn_20e268dbf5,False,
txn_945ae66da0,False,
txn_29916e8c32,False,
txn_d68250bbf1,False,
txn_8ae031bfec,False,
txn_7b2402fea5,False,
txn_91d99f4b47,False,
txn_a238e61411,False,
txn_3f7908202e,False,
txn_45991299c8,False,
txn_467e17d15d,False,
txn_42666d3b9e,False,
txn_8115822e05,False,
txn_564f2eda79,False,
txn_2e5c186f01,False,
txn_665f095000,False,
txn_77ba6efe6a,False,
txn_6c7f5e3933,False,
txn_bb1a8dfd04,False,
txn_035e879849,False,
txn_f3d3f5f3c9,False,
txn_a1a54cc4a3,False,
txn_a6e4278c64,False,
txn_de0f85a118,False,
txn_ec0d373f8e,False,
txn_4dac3c3a3c,False,
txn_566abd1187,False,
txn_389b646c2c,False,
txn_07b307a2ac,False,
txn_2623efbba7,False,
txn_6e6de61763,False,
txn_7976a6dd50,False,
txn_0ca4349cf8,False,
txn_ccb0f63317,False,
txn_9c9b55a40f,False,
txn_7d9632ad7a,False,
txn_1bff8028bd,False,
txn_8222823994,False,
txn_d5199996ce,False,
txn_d22a558b48,False,
txn_70a49d3511,False,
txn_0a33e992c6,False,
txn_7de963a1fe,False,
txn_31fd89cd76,False,
txn_df340fd0c0,False,
txn_e0a76697db,False,
txn_01876950fd,False,
txn_c232f24df6,False,
txn_63fa3072e5,False,
txn_ebfb791e5f,False,
txn_61dfbae069,False,
txn_abcd8558da,False,
txn_84dd9c7f94,False,
txn_cfeb550bd6,False,
txn_23564e5975,False,
txn_50144e233b,False,
txn_cbbc85a407,False,
txn_75feb93c98,False,
txn_897837fe51,False,
txn_a39139fc30,False,
txn_55ae10cc19,False,
txn_673572b464,False,
txn_39f17685ae,False,
txn_f3e2c2cb20,False,
txn_71559bee12,False,
txn_58f2b50097,False,
txn_b6edcd90a1,False,
txn_c8c321cc18,False,
txn_d8bd0f57c8,False,
txn_7da67e0b46,False,
txn_b87268e524,False,
txn_42fbc21d33,False,
txn_1965b52f9c,False,
txn_bfc6c529cc,False,
txn_bf7ab24aa9,False,
txn_b427a68baf,False,
txn_a439e54882,False,
txn_ee9565bad1,False,
txn_762bfcb890,False,
txn_1487adc9dd,False,
txn_040053b025,False,
txn_dab15075b0,False,
txn_d362956471,False,
txn_1a25559c66,False,
txn_ff630cf588,False,
txn_f342e56b73,False,
txn_7c60ff2c47,False,
txn_323dfa0eb0,False,
txn_47d00ac055,False,
txn_aa20374665,False,
txn_a0ce95f8bb,False,
txn_fbcdc5999c,False,
txn_3d73404d1b,False,
txn_d2daa7e5f3,False,
txn_c4bdc8cbc9,False,
txn_e389a804e4,False,
txn_20d85c4485,False,
txn_03959fec4a,False,
txn_b21787d07d,False,
txn_ab8edc5fbc,False,
txn_bf07e7bc55,False,
txn_afb384fb7f,False,
txn_b3c48fda17,False,
txn_cba05e65b3,False,
txn_bcf4cb380c,False,
txn_525f6e1433,False,
txn_f0cd726cc1,False,
txn_90543a5571,False,
txn_5950436764,False,
txn_876d8d832e,False,
txn_0c3649fcb0,False,
txn_4dfe6d8987,False,
txn_63c757055b,False,
txn_94ef3e6adc,False,
txn_e677190dc3,False,
txn_93762973f1,False,
txn_0f1bd20539,False,
txn_5921dc0346,False,
txn_6b67340789,False,
txn_575029b6c4,False,
txn_bda8b45e9d,False,
txn_aa864bf314,False,
txn_2522bb6c58,False,
txn_b8c009ed39,False,
txn_1084b265c1,False,
txn_8505e7d769,False,
txn_c47aa4d2f9,False,
txn_c769508aef,False,
txn_fb09f6cf72,False,
txn_38bb8e97c6,False,
txn_abc4addb9e,False,
txn_9c03f8b811,False,
txn_ea2c6c75e0,False,
txn_fa333738c0,False,
txn_6549c0e9c0,False,
txn_d8911efc03,False,
txn_6aa6273d12,False,
txn_97e5a14f5d,False,
txn_5ede247860,False,
txn_375c1c9883,False,
txn_34fadaed83,False,
txn_f3a21f24ec,False,
txn_c6aaf3a602,False,
txn_1093913e5e,False,
txn_69ae1ad4ef,False,
txn_439a41f4ca,False,
txn_f1118b7d88,False,
txn_138a6c6eba,False,
txn_7bd73e45a3,False,
txn_d2abbc7622,False,
txn_a5ab5c29d9,False,
txn_3aaa8f6c2d,False,
txn_b4055b43a2,False,
txn_d6b3e6a71e,False,
txn_7c994d4fa6,False,
txn_8a14f3553a,False,
txn_9a0ca124ad,True,ring_01
txn_38e0f3e49c,False,
txn_9cbd841999,True,ring_01
txn_5a455e029d,True,ring_01
txn_e5f8049ec0,False,
txn_4f2c1bca08,False,
txn_683ac6857a,True,ring_01
txn_b8a0d5c169,True,ring_01
txn_f18ca433f8,False,
txn_ef56dd35a0,False,
txn_527bb14602,True,ring_01
txn_82467abfaf,False,
txn_ab62a4a43a,False,
txn_448c7e97c3,True,ring_01
txn_67f557446d,False,
txn_f337879430,True,ring_01
txn_1d0e43b2d9,True,ring_01
txn_75e733e82c,True,ring_01
txn_2a40c78a3d,False,
txn_c0b98c0ea9,True,ring_01
txn_b26f79c4a9,False,
txn_ddb02af541,True,ring_01
txn_b607eb2553,True,ring_01
txn_835dd9bc22,True,ring_01
txn_11b3b8dcfb,False,
txn_d3e5a95626,False,
txn_fb665f4128,False,
txn_b8b8dadfd7,True,ring_01
txn_4b30372d7f,True,ring_01
txn_8c8db4388d,False,
txn_54bc56ec9a,True,ring_01
txn_99c65bc96f,False,
txn_6f8c741945,True,ring_01
txn_7c1abfc46d,False,
txn_216b660a5e,True,ring_01
txn_0ffd111293,True,ring_01
txn_8efc1ca176,False,
txn_e2ef4a1044,False,
txn_b98e4d56a4,False,
txn_7bda231212,False,
txn_ae9d2bc2ec,False,
txn_258e663eb2,False,
txn_25b3a2ca0b,False,
txn_790485dc82,False,
txn_eef1e67b76,False,
txn_ec4cd3778a,False,
txn_527b76299a,False,
txn_d78e9ec8e0,False,
txn_32f3247852,False,
txn_5b503600de,False,
txn_9281b7612d,False,
txn_bbdcfad0d5,False,
txn_e711a921e5,False,
txn_b457a9cd7f,False,
txn_8ef7938847,False,
txn_06f0578164,False,
txn_74edc5015f,False,
txn_5f03a84d1e,False,
txn_feb178534f,False,
txn_2f834ed3d9,False,
txn_fb4a957c0d,False,
txn_8eab5e6bc9,False,
txn_5a1fe6ca12,False,
txn_b9c10da21e,False,
txn_a13c785319,False,
txn_c13bf04031,False,
txn_c20102bbc5,False,
txn_fb3025e979,False,
txn_f10ef0e118,False,
txn_b895eaff69,False,
txn_02db6a6c70,False,
txn_0fe4356f9f,False,
txn_4c3afa5c27,False,
txn_441755eda5,False,
txn_c0caf5aaa3,False,
txn_c26a9102d9,False,
txn_b4582b3fc5,False,
txn_1a796b9ea2,False,
txn_0a507dc697,False,
txn_b9e489c524,False,
txn_8e25d55814,False,
txn_0b414f1516,False,
txn_e52e0a533f,False,
txn_11719cd9ee,False,
txn_4de8992d19,False,
txn_265452503a,False,
txn_5d2468b9fe,False,
txn_b768adc572,False,
txn_3ec1030811,False,
txn_6e66c76e91,False,
txn_e4ffb5ffc0,False,
txn_f3313846a9,False,
txn_e83e94d9bb,False,
txn_a80126991b,False,
txn_7fab954fb6,False,
txn_e3904db767,False,
txn_d70c98283c,False,
txn_3b93584f6d,False,
txn_f1cb44c777,False,
txn_489ee95b03,False,
txn_e549536f88,False,
txn_2464244b77,False,
txn_173c64623d,False,
txn_fca17494ac,False,
txn_2469507c8f,False,
txn_6bcde5f328,False,
txn_d192c51003,False,
txn_53c8f9abcb,False,
txn_ffd48f67c5,False,
txn_902caf7019,False,
txn_7958d7b338,False,
txn_30e2ceb7e7,False,
txn_a53f6c33b2,False,
txn_bcc6b575ac,False,
txn_817914fce3,False,
txn_abfeb49419,False,
txn_d2d7f69411,False,
txn_94ea83adb7,False,
txn_62bc72d7d8,False,
txn_307f2ae75b,False,
txn_8033b5200f,False,
txn_0c09a28345,False,
txn_7531ef2fc7,False,
txn_a876ae11e6,False,
txn_e38a4b3f13,False,
txn_63437a6a00,False,
txn_6222ed6d23,False,
txn_0006916166,False,
txn_14fb40848f,False,
txn_86c5ef4157,False,
txn_2fe085c8ba,False,
txn_c1473df3e9,False,
txn_f9261975b6,False,
txn_cee9bad556,False,
txn_93ec304b23,False,
txn_b59a7c5ac5,False,
txn_610af13de7,False,
txn_0db667c721,False,
txn_673551408c,False,
txn_c2eb96a7fd,False,
txn_852dcd7e18,False,
txn_3954f828ad,False,
txn_c3c49b43d2,False,
txn_4ac58ece68,False,
txn_a97ca9538d,False,
txn_ebe2c9e93d,False,
txn_ed6c385419,False,
txn_80e4584d32,False,
txn_27b0d6d18b,False,
txn_66068ecd46,False,
txn_cca1c4d81e,False,
txn_03281756e9,False,
txn_890135495f,False,
txn_7c3a52c394,False,
txn_e189f9b8ac,False,
txn_773f7c3d6e,False,
txn_0e2a99fde2,False,
txn_6745cbdf13,False,
txn_a999415914,False,
txn_ad7e64b464,False,
txn_d2d554a9ef,False,
txn_e3eea0a050,False,
txn_0c4aeb1411,False,
txn_3d54d48f93,False,
txn_dc7bd5530c,False,
txn_16a1e0c6c8,False,
txn_ae2283114d,False,
txn_4bcd90793a,False,
txn_01ee488dc7,False,
txn_c76ffaaecc,False,
txn_535739f16e,False,
txn_ac7477f371,False,
txn_db45093fdb,False,
txn_1f47e72a57,False,
txn_7adde0c69e,False,
txn_d2cd4fc792,False,
txn_752d001f20,False,
txn_f8a99e47ad,False,
txn_1a23da7377,False,
txn_026c13f0af,False,
txn_3afb6eca59,False,
txn_82ff374206,False,
txn_79d9ae689e,False,
txn_a70ef688a8,False,
txn_d91e2b6c88,False,
txn_dd07f6e15d,False,
txn_9678a06c58,False,
txn_68d51a66c9,False,
txn_1f372e2ae2,False,
txn_86c96d2c88,False,
txn_d71a52bae5,False,
txn_da80733517,False,
txn_8625bc39e7,False,
txn_6612be0eeb,False,
txn_8f268dc4b6,False,
txn_516cd6afed,False,
txn_26c8a18d66,False,
txn_c7f53b816c,False,
txn_6698b4cabb,False,
txn_b855606655,False,
txn_cc82f97001,False,
txn_7838484c68,False,
txn_0b0160abaa,False,
txn_f4a700d49c,False,
txn_fe2cc797d8,False,
txn_e55964ed62,False,
txn_4fa75ba2cb,False,
txn_c6bd0240da,False,
txn_413104fd22,False,
txn_957bff7587,False,
txn_28231c13b9,False,
txn_7f663fb678,False,
txn_612e854332,False,
txn_218f08b5f3,False,
txn_1075e3474c,False,
txn_ff950b5d3e,False,
txn_77677bac53,False,
txn_522d9a82e8,False,
txn_148ff1161a,False,
txn_da7d47608f,False,
txn_e2b9233cbd,False,
txn_31cf0b0ab6,False,
txn_115366f7e7,False,
txn_65b03124dc,False,
txn_0d3937f64e,False,
txn_1d1b3d51fa,False,
txn_cc475da8f0,False,
txn_b523907e6d,False,
txn_77692fabef,False,
txn_1bb20c29bc,False,
txn_24db369cb8,False,
txn_eb28090204,False,
txn_10ab0c0fd8,False,
txn_3f3f62e9dd,False,
txn_918df77ba0,False,
txn_e3a470815d,False,
txn_3955591acb,False,
txn_e017501685,False,
txn_3c9914db23,False,
txn_626d333c41,False,
txn_eebba64e04,False,
txn_eeb7a5491c,False,
txn_6fb38db4b7,False,
txn_49aba658ba,False,
txn_fc075e6289,False,
txn_3946b93907,False,
txn_70e93acdae,False,
txn_b2221f9256,False,
txn_13a7863da1,False,
txn_f301b094cb,False,
txn_a6772befdb,False,
txn_124e728c69,False,
txn_0228ee84bd,False,
txn_e555bf36ac,False,
txn_206608bdb4,False,
txn_39a8cf63f1,False,
txn_dcf2b94ed5,False,
txn_a953157ed4,False,
txn_97cfef3edb,False,
txn_1a8c13f009,False,
txn_8067739f1b,False,
txn_2a9cea8c1d,False,
txn_99d15b76d0,False,
txn_c957c261d9,False,
txn_1aa00aef5e,False,
txn_5b6837ddd8,False,
txn_4215629ee8,False,
txn_b82a57008d,False,
txn_c77745a866,False,
txn_c24ed7a33d,False,
txn_8db16ff584,False,
txn_6927afdeda,False,
txn_2f718bda8e,False,
txn_b36ac89884,False,
txn_68aefcf46c,False,
txn_3c0b51798b,False,
txn_37acbdc60f,False,
txn_c58728b85b,False,
txn_387b0158d4,False,
txn_70b0c83035,False,
txn_19d23e6bf4,False,
txn_85f250ddaa,False,
txn_c655dea541,False,
txn_2df147a6bf,False,
txn_0560d13ab2,False,
txn_675343f86c,False,
txn_4849b0c0d1,False,
txn_de48330a18,False,
txn_b9516a6bec,False,
txn_a49580c01f,False,
txn_4dd543a2d7,False,
txn_9631c06efa,False,
txn_35917b903a,False,
txn_914bbf1199,False,
txn_abf8aeb7b5,False,
txn_655497333d,False,
txn_516de6625d,False,
txn_264b03b8a5,False,
txn_81a28272e2,False,
txn_a5125bd9da,False,
txn_32db43b80c,False,
txn_3f8afd85b4,False,
txn_996b9d4f55,False,
txn_60962e5f7d,False,
txn_1bfa51a9f2,False,
txn_81bfdb8c90,False,
txn_5d84c55f33,False,
txn_6a5097d24f,False,
txn_5962f93723,False,
txn_f5de4f71df,False,
txn_9ce543d2a2,False,
txn_6ea7efe595,False,
txn_338008541d,False,
txn_b25a9eb76d,False,
txn_19d35f5d3e,False,
txn_aebd5a5d5b,False,
txn_67bbe3bf12,False,
txn_1c20629b36,False,
txn_68a9f7006e,False,
txn_3007bf4560,False,
txn_ad2f58c2fa,False,
txn_a60e9e8473,False,
txn_af0bc6d953,False,
txn_126e4b2164,False,
txn_be2fe0fbdc,False,
txn_ded755acf1,False,
txn_f53a075394,False,
txn_91512c119b,False,
txn_337bd7dae0,False,
txn_aba1bd1977,False,
txn_d37cf7ca2d,False,
txn_a9aa7240a0,False,
txn_b774b37413,False,
txn_0be4c72bea,False,
txn_40b61fc303,False,
txn_8722aaa3a4,False,
txn_8eb3df65c4,False,
txn_84247b65b2,False,
txn_4a5419b59c,False,
txn_d811b22d5b,False,
txn_a477fb8cbd,False,
txn_f4b37cd2c4,False,
txn_cc0bdedf4c,False,
txn_da107f8978,False,
txn_54640ffb9d,False,
txn_e6b8c71747,False,
txn_78624a63fa,False,
txn_23130b9c07,False,
txn_95618bdf3d,False,
txn_37a9b4840e,False,
txn_d04d5ebdaa,False,
txn_fe18c0d66c,False,
txn_425c3bb021,False,
txn_89a9ce0a5e,False,
txn_dd0ecf7cdf,False,
txn_72ddb62771,False,
txn_2d3875a622,False,
txn_9ab227e911,False,
txn_d0a05a615d,False,
txn_7bc7e815f1,False,
txn_76c425379a,False,
txn_e524fec3e8,False,
txn_02669405ed,False,
txn_f32a99a43d,False,
txn_2556c99fd7,False,
txn_ff6072595f,False,
txn_13127f3154,False,
txn_b972759c08,False,
txn_cba883a85a,False,
txn_f588d75f66,False,
txn_bb0e3474df,False,
txn_9d655941f6,False,
txn_590fd3860c,False,
txn_a8a3e5c667,False,
txn_36083b1de3,False,
txn_0986a2b5d5,False,
txn_2a00f644d6,False,
txn_364900f926,False,
txn_fe4ba3f590,False,
txn_d272492339,False,
txn_148e0ef0b2,False,
txn_a3fb6defa5,False,
txn_bec7a193bc,False,
txn_a7a8b739c7,False,
txn_2363ad3299,False,
txn_7076b40005,False,
txn_2c29c361ed,False,
txn_d15ffbea08,False,
txn_c6c18e50b0,False,
txn_9e64116a31,False,
txn_043b464384,False,
txn_612a24f607,False,
txn_49940ed8ad,False,
txn_0aab5b7c4e,False,
txn_684d21cac4,False,
txn_f0dac2d660,False,
txn_7f29679de3,False,
txn_c7e5f1736c,False,
txn_a416f99f11,False,
txn_468e213a19,False,
txn_859a588250,False,
txn_2b837352ba,False,
txn_fb28da70e3,False,
txn_75986a92a6,False,
txn_f68593e0ab,False,
txn_8897e730ce,False,
txn_284f0c00a8,False,
txn_c5d68f1c83,False,
txn_f5f1000484,False,
txn_99a915de47,False,
txn_96e0cda761,False,
txn_36a15ea0af,False,
txn_4b95ef4be6,False,
txn_2fc6006cab,False,
txn_b965045e3a,False,
txn_2be097c30c,False,
txn_60bcbb0430,False,
txn_4a9eba6bee,False,
txn_c86ffae6c2,False,
txn_208320820e,False,
txn_ad50fd09b5,False,
txn_2c677f5a28,False,
txn_2d5555a7d5,False,
txn_deb186c70c,False,
txn_3d759e86fa,False,
txn_993a83fa7b,False,
txn_01b98a9ee6,False,
txn_466acd7581,False,
txn_baf470d17b,False,
txn_eab6f24c28,False,
txn_3b3d290740,False,
txn_29884840ed,False,
txn_a4ac73bdcf,False,
txn_bbd54498ec,False,
txn_d2fa9c7014,False,
txn_b5a0c16d1f,False,
txn_0f670ecce2,False,
txn_041401cb80,False,
txn_07f5ab9fcf,False,
txn_03db9c9fc7,False,
txn_da75b2f8ef,False,
txn_5ea765a8a8,False,
txn_4c4566808c,False,
txn_01d48e9dae,False,
txn_2a2721e4d9,False,
txn_4da11c2739,False,
txn_08f8dd97cc,False,
txn_66207f6602,False,
txn_23efe812e7,False,
txn_b0a9a621fa,False,
txn_38f492804e,False,
txn_87b7cf51f7,False,
txn_3a9c91393c,False,
txn_ab2899e94e,False,
txn_9d471cc74f,False,
txn_0294372860,False,
txn_18799e382f,False,
txn_ecf06b3f87,False,
txn_c710a8eea2,False,
txn_7535de86e2,False,
txn_c7715122ba,False,
txn_fa48e099f9,False,
txn_edb7560fe0,False,
txn_e6fc030b6d,False,
txn_6fb933a79c,False,
txn_6be72a7dd2,False,
txn_0fa4c376c6,False,
txn_0538368c37,False,
txn_5ffc3eb684,False,
txn_fc7465453c,False,
txn_ca4cc8a7d4,False,
txn_aab6b2642f,False,
txn_e603ccd45c,False,
txn_15bc7f4e6b,False,
txn_0be91758b3,False,
txn_5c19bcaa08,False,
txn_4d5fb66efb,False,
txn_f396666f9c,False,
txn_7dd9cca7ca,False,
txn_b449c6c207,False,
txn_cfef68ef94,False,
txn_b65e2d34dd,False,
txn_be5b7d55dd,False,
txn_b2dee8a523,False,
txn_fd1dc75c33,False,
txn_a625ab0a53,False,
txn_5c710f9749,False,
txn_d38ddc43df,False,
txn_7560220b2c,False,
txn_b093f5b551,False,
txn_9b530b6616,False,
txn_cae1a9907e,False,
txn_afecce5d4c,False,
txn_a19b530c1e,False,
txn_a64d85b3e2,False,
txn_2f3409d3df,False,
txn_8ff84f6293,False,
txn_ae2c712a90,False,
txn_47657cc616,False,
txn_59c9fe3e0f,False,
txn_db677e0a21,False,
txn_2f7d5a6cf1,False,
txn_8de41fb23b,False,
txn_9bbd6efedc,False,
txn_7c5f5f1094,False,
txn_f4a39f4c5a,False,
txn_cf111935f2,False,
txn_16a31cdaa8,False,
txn_beb41dc297,False,
txn_ed6ac8bc08,False,
txn_0f538479f7,False,
txn_506d266fb6,False,
txn_e6f2a90a3d,False,
txn_7034b66ca9,False,
txn_8eefcd8e9d,False,
txn_fa61a807d3,False,
txn_6d663d8eb8,False,
txn_60092cdca4,False,
txn_be5687e7a5,False,
txn_573f4f1cde,False,
txn_2882742825,False,
txn_37f1c66152,False,
txn_83189743df,False,
txn_f078d99fe3,False,
txn_4a17d6be80,False,
txn_5eb4957eab,False,
txn_32f9be4e99,False,
txn_2adb8dfddd,False,
txn_087d45c76b,False,
txn_311d10537b,False,
txn_11d3c4df17,False,
txn_b7e17081f2,False,
txn_112081324e,False,
txn_c4ff3d2974,False,
txn_541bdcfb3a,False,
txn_8c916f8db5,False,
txn_0ccf5569c0,False,
txn_78cc022a56,False,
txn_3ca0058e47,False,
txn_f07d6781bc,False,
txn_fd3f040575,False,
txn_df3af5eb1f,False,
txn_29ffe92bec,False,
txn_df10e32fc0,False,
txn_4d44f58c41,False,
txn_f48f733419,False,
txn_3517f6d053,False,
txn_0261b287ad,False,
txn_94d3421eda,False,
txn_d0d63f33bf,False,
txn_e33d77f8a8,False,
txn_20d69c1a73,False,
txn_232189746d,False,
txn_d0333acb0f,False,
txn_887e5822a9,False,
txn_bc1f88d668,False,
txn_c59d514a7e,False,
txn_c9f8565206,False,
txn_d0ce2cde38,False,
txn_3e40f4bed0,False,
txn_2ef323bb9b,False,
txn_011f52b2aa,False,
txn_6eb0233eba,False,
txn_c6e194c14d,False,
txn_6064fca74d,False,
txn_af4a89cdbb,False,
txn_6b30c86c75,False,
txn_9a12728331,False,
txn_364e3bdbfd,False,
txn_9944d48743,False,
txn_5277d5e98f,False,
txn_efc0eb08d4,False,
txn_64cc6aa771,False,
txn_8078e20735,False,
txn_23ac589bbe,False,
txn_eadb78ea33,False,
txn_de8bb145c1,False,
txn_602eeef143,False,
txn_469c9858e0,False,
txn_3e161297dc,False,
txn_b962c666e5,False,
txn_b0dbe9c0a2,False,
txn_d4dc7ee363,False,
txn_6faa30efa4,False,
txn_2f95acc1dc,False,
txn_42362fd4a8,False,
txn_058c9aa7e0,False,
txn_d64a2544cd,False,
txn_f47874dbc2,False,
txn_cce2a7fe5b,False,
txn_4cf4834600,False,
txn_f2a4fdd389,False,
txn_3da405ada9,False,
txn_89728d0b53,False,
txn_ae6435812e,False,
txn_e7038e2e9b,False,
txn_8039e27b24,False,
txn_a9942b7cee,False,
txn_9c9171435d,False,
txn_3451d16314,False,
txn_3f10bba89f,False,
txn_6585d30dc2,False,
txn_55379ea738,False,
txn_368d92e3f6,False,
txn_76340fcf28,False,
txn_434061fb79,False,
txn_b8ecdfd235,False,
txn_6f1efc062c,False,
txn_c5c10e5f61,False,
txn_63f044ca3b,False,
txn_6af7b29596,False,
txn_f411804b99,False,
txn_1f795046ff,False,
txn_e7e702e19d,False,
txn_fd7a23c386,False,
txn_f544adb3d3,False,
txn_5995e9e650,False,
txn_9af6df8108,False,
txn_3a32f2d52c,False,
txn_e1e303ecef,False,
txn_977b9f02a9,False,
txn_2f0ef45642,False,
txn_c7a33765f9,False,
txn_f66f699d6a,False,
txn_41f730105a,False,
txn_084af55e1a,False,
txn_8a8e553572,False,
txn_ccf311c91c,False,
txn_49cf3f00e7,False,
txn_75e4129c8c,False,
txn_5e080271c3,False,
txn_d0c3d7bfac,False,
txn_fae6af5f4c,False,
txn_d668e5fd73,False,
txn_c7da1786a2,False,
txn_5fb1e72014,False,
txn_88cc47a20d,False,
txn_60a7b8cef8,False,
txn_d9bbdc8b31,False,
txn_905218f130,False,
txn_a0f9bb0962,False,
txn_c2f58b9528,False,
txn_c19d61e1a1,False,
txn_0a5a00c687,False,
txn_20286ad961,False,
txn_c4d7d9b5ee,False,
txn_7b6c7a06e9,False,
txn_55386a36ba,False,
txn_40c3fd3c35,False,
txn_edbd2c48d8,False,
txn_228edbc566,False,
txn_058e347234,False,
txn_7ccc111835,False,
txn_1476a08aa8,False,
txn_dac1be230d,False,
txn_9d4d862c4f,False,
txn_c2d889172e,False,
txn_edfc0ff3ff,False,
txn_2a8e5165a7,False,
txn_cdce099106,False,
txn_9bfe76317c,False,
txn_c3a3ed872f,False,
txn_2c8e43798a,False,
txn_8e9672ae2c,False,
txn_dfff21d342,False,
txn_7b9b02f177,False,
txn_8c53150361,False,
txn_abba133c0e,False,
txn_13b464efb9,False,
txn_ca9ccff363,False,
txn_653c23001d,False,
txn_ff5e977880,False,
txn_46049a65be,False,
txn_bda63698b6,False,
txn_b2cc9abf71,False,
txn_c161cd273f,False,
txn_27bacecebf,False,
txn_e990347ef9,False,
txn_ecfafadbb8,False,
txn_3571c28352,False,
txn_9f582f8e83,False,
txn_5e4b0914a1,False,
txn_06cca8268f,False,
txn_90cf42b6ee,False,
txn_d7797fbb70,False,
txn_ccb9a70815,False,
txn_2e28c8efd3,False,
txn_d68b2b8adb,False,
txn_6c73dd8508,False,
txn_810840de5f,False,
txn_7c41abe33e,False,
txn_805488fffd,False,
txn_a883323d71,False,
txn_81aa7cbd08,False,
txn_be04f96120,False,
txn_fe81cbb1ac,False,
txn_60f7be82c7,False,
txn_7c0f3ab3c4,False,
txn_56544619d6,False,
txn_e8da27602c,False,
txn_bec0172389,False,
txn_821b646ef0,False,
txn_f75dc8b433,False,
txn_5aaf1c57d9,False,
txn_9f1f3d60df,False,
txn_e5ac7c9dc2,False,
txn_2889b58939,False,
txn_341be9fdff,False,
txn_95ea7331cf,False,
txn_0fcf0c2009,False,
txn_ac2e9b09db,False,
txn_e44bc059b6,False,
txn_cb448dc118,False,
txn_04a59bb1d3,False,
txn_5255351a9d,False,
txn_a4d2700294,False,
txn_e1a69e524e,False,
txn_eab8cc538a,False,
txn_89f1a4e380,False,
txn_d65efd3862,False,
txn_9b9da4bf01,False,
txn_7eac12247d,False,
txn_06324fc8cf,False,
txn_f1bf5b9b2b,False,
txn_3c9fd819bc,False,
txn_bf3d40215a,False,
txn_0406328a54,False,
txn_c921293d9d,False,
txn_9dd6f928e2,False,
txn_f4658fbfde,False,
txn_a940f97726,False,
txn_b87d34d2dd,False,
txn_d2281c31ae,False,
txn_aa27473d3c,False,
txn_c5edc62e63,False,
txn_251ae5ff03,False,
txn_8cc35a156c,False,
txn_c4ad903c6f,False,
txn_171847723e,False,
txn_facbba6cd3,False,
txn_b4ab6218f6,False,
txn_c410fc5b77,False,
txn_25fd9da846,False,
txn_530b9887ec,False,
txn_348f714bcf,False,
txn_b9da9cff8a,False,
txn_6f515d406e,False,
txn_5b79335655,False,
txn_899512cd7d,False,
txn_ca1d0574f1,False,
txn_9ff8686d9e,False,
txn_67e113f626,False,
txn_4c12e040d5,False,
txn_a39c84ba24,False,
txn_95a1701e71,False,
txn_4503d98858,False,
txn_72b33dcc16,False,
txn_59c6d735c7,False,
txn_67f028d036,False,
txn_35c8f04c3d,False,
txn_c11010fed7,False,
txn_fc72fed383,False,
txn_d9bc3c9e92,False,
txn_3cfc037454,False,
txn_6538a0e748,False,
txn_8f71f83176,False,
txn_a33d3a9039,False,
txn_487c41a7eb,False,
txn_a7485c3117,False,
txn_3294f8ca7d,False,
txn_6f9e9b0cd3,False,
txn_8c3de6ee76,False,
txn_6c86bfb135,False,
txn_2dbbeaae73,False,
txn_884a251ac2,False,
txn_06a6a60bed,False,
txn_bcc59db072,False,
txn_fd9b2a9e40,False,
txn_2460962dd1,False,
txn_7a1aefe4c0,False,
txn_7c871e9b52,False,
txn_636cbca426,False,
txn_2586021210,False,
txn_7d16344857,False,
txn_ceb07ad019,False,
txn_54759b6f2a,False,
txn_7dc5361f5b,False,
txn_7ff8bda735,False,
txn_22605dc1af,False,
txn_487a08ad58,False,
txn_1ef386edad,False,
txn_06cbd1dd12,False,
txn_53797d126b,False,
txn_677698536b,False,
txn_7c51ad251d,False,
txn_cf7352c509,False,
txn_375f65f593,False,
txn_fbfb7b10ac,False,
txn_ac13f80aec,False,
txn_4f908c5c43,False,
txn_87f3de05a5,False,
txn_cff5392d36,False,
txn_b791d6713d,False,
txn_c08e75aa8a,False,
txn_6e5d9b78a6,False,
txn_a4c872ab7b,False,
txn_ac1bc5f1fe,False,
txn_8ed4d97629,False,
txn_9482463ff3,False,
txn_10234d6160,False,
txn_e1fc2d6c19,False,
txn_0f74978d08,False,
txn_c9f6ce7c5f,False,
txn_c5c3d29ea8,False,
txn_ff1dffe31f,False,
txn_0c44b1d89e,False,
txn_3a034ae31e,False,
txn_d07d72ee83,False,
txn_8ae7720394,False,
txn_c7041bbd49,False,
txn_2a113244ae,False,
txn_cb19228e48,False,
txn_3dd60107b4,False,
txn_ce7301d590,False,
txn_7ed96ed3b3,False,
txn_83bf838293,False,
txn_e22aca0097,False,
txn_4929f568a5,False,
txn_bab34c5a4a,False,
txn_2630d0299d,False,
txn_d5a7672dc2,False,
txn_e235d20cd0,False,
txn_644855846a,False,
txn_e675aa55cd,False,
txn_58d5d9aae3,False,
txn_a89b02ef9a,False,
txn_8174b2bdde,False,
txn_f2648a9189,False,
txn_522b47cbcc,False,
txn_5388211599,False,
txn_e0b7f5e0e4,False,
txn_b9ef0f8381,False,
txn_e9196e85d9,False,
txn_c3c908219c,False,
txn_f65029d91f,False,
txn_de275b4a17,False,
txn_a4bf74e50b,False,
txn_4a0bd7cd59,False,
txn_c0eca5d47f,False,
txn_1cf72a944e,False,
txn_1fd98292be,False,
txn_affcc43c9f,False,
txn_cbd4f78444,False,
txn_48933f588d,False,
txn_2f93542e2b,False,
txn_a0c2a32506,False,
txn_ac3994fff1,False,
txn_7d42946527,False,
txn_90cd48c2c6,False,
txn_049b147b01,False,
txn_df0e135e4c,False,
txn_a8612aabea,False,
txn_bcb3258735,False,
txn_d239313cfb,False,
txn_7d14b0e4ed,False,
txn_49b521b345,False,
txn_3a6139337b,False,
txn_da918e7bdc,False,
txn_6e7cbeb5a2,False,
txn_3fc2cdd02b,False,
txn_c57c807270,False,
txn_f7eee77653,False,
txn_c3d25dac43,False,
txn_335549e938,False,
txn_aade81e3e9,False,
txn_a10e7e246e,False,
txn_d1c5def1e3,False,
txn_0eb1ffb875,False,
txn_5d5b75442f,False,
txn_dde65bedde,False,
txn_5b3ab7edb3,False,
txn_75391430c7,False,
txn_1bf548af98,False,
txn_873056bfef,False,
txn_4889d813f4,False,
txn_e9d10a8e20,False,
txn_cdf0328485,False,
txn_44414196d8,False,
txn_65b6f21b27,False,
txn_98b288bab1,False,
txn_f58db33003,False,
txn_7cef4209cf,False,
txn_70c5099d87,False,
txn_d5fdcf77ef,False,
txn_ed5dcc560d,False,
txn_11ce18aeb6,False,
txn_b6ab860a1b,False,
txn_e79beb7b39,False,
txn_9bb09158f6,False,
txn_7064a7271e,False,
txn_14bea5e4eb,False,
txn_7d6cefe375,False,
txn_cfec8b20fb,False,
txn_f1bcc21ebc,False,
txn_ec7b9954a1,False,
txn_cc68315b26,False,
txn_a5d5bf31ca,False,
txn_873897bdde,False,
txn_80b0e631ec,False,
txn_bb5c56d338,False,
txn_652e47d929,False,
txn_915d0c844a,False,
txn_d8002febb8,False,
txn_087c438dd6,False,
txn_1e1289e023,False,
txn_01d19780df,False,
txn_041f69d3b0,False,
txn_ab9b45c7b6,False,
txn_84bc4ff92e,False,
txn_48992622a3,False,
txn_5c36a92b9a,False,
txn_b6f0d9672a,False,
txn_ec29231bba,False,
txn_031d7f5f4f,False,
txn_dd6c92df15,False,
txn_3e337134a8,False,
txn_0b9085cd93,False,
txn_31bd099383,False,
txn_73b99df109,False,
txn_8eb589c51a,False,
txn_cb0b20d7ff,False,
txn_4bf0de6a03,False,
txn_8f5569fe1a,False,
txn_1f32c6e199,False,
txn_9456bdb2ac,False,
txn_b56b245c8f,False,
txn_5aaf65f808,False,
txn_9ef5dd8ae4,False,
txn_3ee7872ff6,False,
txn_8316421711,False,
txn_de55bf4530,False,
txn_c22281c0b4,False,
txn_ac7ef962ba,False,
txn_1a77e46275,False,
txn_545070ea6e,False,
txn_0e1e1ab409,False,
txn_fd82ff0e85,False,
txn_c822932254,False,
txn_eb8257af07,False,
txn_edff3514d9,False,
txn_259e80ea35,False,
txn_5f606da4ff,False,
txn_396e051a18,False,
txn_3897310916,False,
txn_8897732313,False,
txn_f130a4601d,False,
txn_ad80c2c7d9,False,
txn_677e233d4b,False,
txn_79bde38e29,False,
txn_fdf0c8fb4d,False,
txn_dbf7b0f034,False,
txn_aeea45d7cc,False,
txn_2f6d5c99ff,False,
txn_9d970a3a1d,False,
txn_c6d6147b7b,False,
txn_2109735c17,False,
txn_3e1255daf4,False,
txn_ba772c4517,False,
txn_8967c01832,False,
txn_493a2056e4,False,
txn_e14df71307,False,
txn_bf4fa72eb8,False,
txn_6eff8d7d33,False,
txn_6ef99d9128,False,
txn_24eec4948b,False,
txn_0571624d7e,False,
txn_7b5a24d3c5,False,
txn_ec7443cf22,False,
txn_6d7b820812,False,
txn_9d8aade79c,False,
txn_9a4fcea2f2,False,
txn_3d7fe82575,False,
txn_1fb8eff2af,False,
txn_68177338f0,False,
txn_e169948112,False,
txn_cccfd7705f,False,
txn_3f0cf41343,False,
txn_06f3acf784,False,
txn_20daea54b0,False,
txn_544e926cc9,False,
txn_cbeb1375d0,False,
txn_6c56bf8c7f,False,
txn_c9c3bef062,False,
txn_aa2f162d55,False,
txn_2eed1c3280,False,
txn_fb6cee4694,False,
txn_55f95bce1b,False,
txn_bbea43ccdf,False,
txn_874581c897,False,
txn_dcdf883497,False,
txn_534d446b67,False,
txn_04fa1cccee,False,
txn_e41c0ecfda,False,
txn_3703a2e6d3,False,
txn_ec27dcd978,False,
txn_2dcdb4717d,False,
txn_38470e18ff,False,
txn_0e881cabb6,False,
txn_87061dbf31,False,
txn_f4ceba84fe,False,
txn_760b07125f,False,
txn_50cfc1a04e,False,
txn_bef4ebfd73,False,
txn_11911fb480,False,
txn_44d5d80351,False,
txn_1c0a0c7fbd,False,
txn_7388c787a0,False,
txn_083bce8838,False,
txn_c0b2ff5a2a,False,
txn_6d006cffb4,False,
txn_b969cb90b3,False,
txn_7ddb063594,False,
txn_836afb6e0b,False,
txn_26ad00bbbb,False,
txn_b7f264ecd8,False,
txn_63d42cddfd,False,
txn_14dd68de81,False,
txn_4acbd3d560,False,
txn_55d8e286ef,False,
txn_d8b72f66ba,False,
txn_41f6af9c54,False,
txn_49b153430e,False,
txn_ba769d6b4e,False,
txn_5392230d08,False,
txn_561279a44d,False,
txn_e596a61be1,False,
txn_992aec2d6e,False,
txn_c7f558084f,False,
txn_5af50aaa1c,False,
txn_b1146eb3d6,False,
txn_50d8c712c1,False,
txn_0609ec61c1,False,
txn_315b0f7fbf,False,
txn_6a7a00d761,False,
txn_975bdc90e6,False,
txn_934ccdede5,False,
txn_ff0b30df54,False,
txn_3af11f534a,False,
txn_9bb0a08173,False,
txn_5eb5611d81,False,
txn_6dc3ac74de,False,
txn_44e8f99e29,False,
txn_f9002e7563,False,
txn_1e22fa2573,False,
txn_34f83bf202,False,
txn_0ffd7db7c9,False,
txn_c823161a61,False,
txn_dd1c301207,False,
txn_290a8824af,False,
txn_adc3c6042a,False,
txn_1e2fbf5a3e,False,
txn_2a98ee4dc3,False,
txn_cff507061d,False,
txn_a60e3596a6,False,
txn_fcdcd206ae,False,
txn_2ffdfdc7fd,False,
txn_25204f9865,False,
txn_6f6860a3ee,False,
txn_a8372c6452,False,
txn_22eaad09b4,False,
txn_5354e110f7,False,
txn_e15b827885,False,
txn_2956310d9b,False,
txn_8c978c0574,False,
txn_54e06e9abd,False,
txn_818a0d9ba1,False,
txn_68dabbc261,False,
txn_6b55a290e5,False,
txn_21349227bd,False,
txn_abec034f7f,False,
txn_a41b293097,False,
txn_d45e4e0cfe,False,
txn_b109bfc304,False,
txn_2268e78bee,False,
txn_222d7faa01,False,
txn_505d6a5915,False,
txn_9a87fd34ea,False,
txn_f653cd2da7,False,
txn_9f8be2ea65,False,
txn_00c6cb59d5,False,
txn_c0df7a81e2,False,
txn_8e91e08171,False,
txn_a3262e08b3,False,
txn_247a2a482a,False,
txn_04b54c9351,False,
txn_bfd21c6194,False,
txn_6cdbaf8c6a,False,
txn_6f0364fe38,False,
txn_f9bec61fa0,False,
txn_ac3a6270b9,False,
txn_53f9d7ac0e,False,
txn_43160d119d,False,
txn_583e2d7df9,False,
txn_02c2a36fc7,False,
txn_59b09dcac9,False,
txn_99c8d20704,False,
txn_a73c240a10,False,
txn_df84edcae2,False,
txn_1a674d97e2,False,
txn_537e54512d,False,
txn_6e61fa66f3,False,
txn_6d1cd6ad20,False,
txn_2a4ce2394b,False,
txn_8cfa688dad,False,
txn_97c583b219,False,
txn_6ba449073a,False,
txn_a73a3150c9,False,
txn_f79918249b,False,
txn_451f0de157,False,
txn_9ea8c180b3,False,
txn_d81d3d1834,False,
txn_61c51711f5,False,
txn_581deab51c,False,
txn_b56d0f1fe4,False,
txn_79eb030448,False,
txn_042a2d8949,False,
txn_991e0d79aa,False,
txn_6fa0bbbeaa,False,
txn_b59d6931b2,False,
txn_3e7a89b7be,False,
txn_30f9d68118,False,
txn_a5fd774670,False,
txn_6a9321bd86,False,
txn_0f761b7bf1,False,
txn_1c80798d7d,False,
txn_eba4c71bec,False,
txn_f2ffcef013,False,
txn_f6e21f5ae7,False,
txn_5695bc895f,False,
txn_7f9348cc5e,False,
txn_2516e75bca,False,
txn_389209a592,False,
txn_baabcfce22,False,
txn_e6839fc4f3,False,
txn_faa5bca957,False,
txn_669c71d172,False,
txn_0111e1b668,False,
txn_9afcb84faf,False,
txn_af54e7cff4,False,
txn_04b1af46ca,False,
txn_b11b577162,False,
txn_2f64d65679,False,
txn_6822d785e9,False,
txn_fb7f3f82bc,False,
txn_b5cee575fb,False,
txn_8edb67c45b,False,
txn_6941c5fb08,False,
txn_a9db6d996c,False,
txn_a4415d0c0a,False,
txn_47c1b33377,False,
txn_b3fe1123d9,False,
txn_f56f55b609,False,
txn_3ca92f1f6b,False,
txn_91b580aeed,False,
txn_c0c7b6aced,False,
txn_6d5925b15d,False,
txn_da914882d3,False,
txn_5ab208c869,False,
txn_40e9cd9227,False,
txn_d679d820a0,False,
txn_2ddc5cd1b4,False,
txn_4db69482dc,False,
txn_39be566b59,False,
txn_ca42ee93d0,False,
txn_099ebfb503,False,
txn_552b00b99f,False,
txn_e8700d5708,False,
txn_b7cd392a56,False,
txn_eeb6f79934,False,
txn_98825c2d31,False,
txn_888be35489,False,
txn_fbdb341c1d,False,
txn_008db3eb60,False,
txn_f388a77133,False,
txn_8d592d683c,False,
txn_dffa107fa1,False,
txn_76f50d86fe,False,
txn_392e38ec38,False,
txn_47301f5d78,False,
txn_b7923fb9ac,False,
txn_7e1d9f2a78,False,
txn_0f060fa992,False,
txn_5540352f6c,False,
txn_5f24567fb5,False,
txn_ad20a7ecc2,False,
txn_078cd06272,False,
txn_f18af48705,False,
txn_0afcc8f465,False,
txn_9da2ec83a5,False,
txn_2ad7715fc1,False,
txn_4654168ce0,False,
txn_de40d00c88,False,
txn_5fbbdaf854,False,
txn_a6e1094350,False,
txn_343a06a7d6,False,
txn_f183ab88f7,False,
txn_ff465dfd54,False,
txn_f278bd3c49,False,
txn_03bb4b330a,False,
txn_f84f80851c,False,
txn_fb5c46fe8c,False,
txn_8ce7aaec22,False,
txn_2c2e98fee9,False,
txn_69b4d18cb3,False,
txn_ab757eacad,False,
txn_1a9ce12320,False,
txn_0fd6fc2d38,False,
txn_17e404c11c,False,
txn_926032a775,False,
txn_e046e70c58,False,
txn_bbf0adc6d9,False,
txn_f45a46d1d4,False,
txn_545162355a,False,
txn_6da5effd24,False,
txn_d961d328f2,False,
txn_9b51b596f4,False,
txn_8885e3e644,False,
txn_ad42ea3b62,False,
txn_534002e808,False,
txn_1fc2460424,False,
txn_bbf27060c8,False,
txn_897f1868d8,False,
txn_d2bb53ef9e,False,
txn_4660f8cf65,False,
txn_b8aadfb9d5,False,
txn_d71c2eee76,False,
txn_ea5ef577f7,False,
txn_07c748bb1f,False,
txn_0d3b1b7517,False,
txn_ad41eb0494,False,
txn_781adf454d,False,
txn_b7d893e936,False,
txn_553d61541f,False,
txn_3fa31e6c35,False,
txn_ab3d169547,False,
txn_f001b6712f,False,
txn_d5de474a86,False,
txn_7850fc4305,False,
txn_955a4d71cd,False,
txn_e6255730d4,False,
txn_029611367e,False,
txn_00c21036cf,False,
txn_52e549f371,False,
txn_9a10e7a1c1,False,
txn_144e405706,False,
txn_91f7fc989c,False,
txn_ffcbac20d0,False,
txn_ff9a23882c,False,
txn_8c6d2388c9,False,
txn_255c18e05f,False,
txn_f15aed0b26,False,
txn_106f70ed2d,False,
txn_86693771a1,False,
txn_704a1cefc0,False,
txn_b13026f47c,False,
txn_a74dfdf99a,False,
txn_61e9fe4942,False,
txn_7e48336ed4,False,
txn_b3fcd13538,False,
txn_927c08fe69,False,
txn_e87993e51a,False,
txn_a5061dc11c,False,
txn_68df9ceb04,False,
txn_564711d75f,False,
txn_59cd0b975a,False,
txn_11410da64a,False,
txn_7411491880,False,
txn_36572e6ad7,False,
txn_d4a9d48f85,False,
txn_b2a6d0c78d,False,
txn_89c0a0b348,False,
txn_dd3bdc78e6,False,
txn_086f787b07,False,
txn_80737f95c9,False,
txn_7d226dd1f5,False,
txn_e5e0663043,False,
txn_1958fa1f81,False,
txn_acccffb8d1,False,
txn_6926ac5cfc,False,
txn_ee3d6826f7,False,
txn_fe28629426,False,
txn_64aec29b83,False,
txn_82387ffc9e,False,
txn_118e6cb804,False,
txn_a31943b5ca,False,
txn_3b9f70a212,False,
txn_524bb0ddad,False,
txn_ef89816c62,False,
txn_b14d59643d,False,
txn_c2a7407bf6,False,
txn_c4fe9d0f43,False,
txn_3d6899b96d,False,
txn_f4e7ec2953,False,
txn_7685fb6213,False,
txn_5396844fcf,False,
txn_ec75417a91,False,
txn_dcf2f95810,False,
txn_c83800fd0b,False,
txn_2c359d703c,False,
txn_93f5285589,False,
txn_1d2808441d,False,
txn_a5a85fc566,False,
txn_dc9633a292,False,
txn_68596f0cf9,False,
txn_c25925e883,False,
txn_cd8554ad55,False,
txn_ca4a03c407,False,
txn_6be45a5ec0,False,
txn_343837b0e6,False,
txn_989fdcb9b6,False,
txn_7bcd9ddab7,False,
txn_04bf3bc356,False,
txn_4877e4b08b,False,
txn_3c36b46286,False,
txn_4fbeb6a63a,False,
txn_51facf408b,False,
txn_9671770ec1,False,
txn_b1434f8494,False,
txn_4aecfcee98,False,
txn_0e210f2e3a,False,
txn_79cc31a23a,False,
txn_682a84cc32,False,
txn_e4c07f9b02,False,
txn_7e14ad378f,False,
txn_6f079c01ad,False,
txn_8141eb3cd0,False,
txn_1b1bd20759,False,
txn_63e2b7080b,False,
txn_d7ad4377c7,False,
txn_7daadddb5e,False,
txn_260c3f0a4b,False,
txn_4fd81fc80c,False,
txn_963c4234fa,False,
txn_a2a22eacc6,False,
txn_683bfac05a,False,
txn_3b4d096d03,False,
txn_0f72a3f9ac,False,
txn_173e2e2cef,False,
txn_083444265d,False,
txn_07f4b34c29,False,
txn_4279965579,False,
txn_d496c6b412,False,
txn_21cbe03786,False,
txn_9a4f0a9188,False,
txn_36a5713c17,False,
txn_dd1dc72973,False,
txn_b9af7263aa,False,
txn_9e9c116a0d,False,
txn_3ae5e2010b,False,
txn_e6eaa215f0,False,
txn_1deeb1d2e6,False,
txn_469d168992,False,
txn_fe60ec2cf4,False,
txn_33e8f180c4,False,
txn_5d0dc78052,False,
txn_7d9ed03c03,False,
txn_94d684424f,False,
txn_c7d33574dc,False,
txn_23d713e0d1,False,
txn_643637d549,False,
txn_bc70215a0c,False,
txn_b993637ace,False,
txn_1783241e50,False,
txn_3b88821681,False,
txn_0746e720a4,False,
txn_3cad81698e,False,
txn_a46aa59e55,False,
txn_3beeec2cee,False,
txn_d6d8fb127c,False,
txn_ea5c963afb,False,
txn_69c983f3dc,False,
txn_ca77a37932,False,
txn_d40a1ef475,False,
txn_399a8ef04a,False,
txn_f543b295f5,False,
txn_c9731cfbbb,False,
txn_203bd5f98b,False,
txn_c0ac6b269f,False,
txn_ea17b36e09,False,
txn_7b7c0e8677,False,
txn_edeeb71271,False,
txn_e929f6d580,False,
txn_be674dc744,False,
txn_af9d7e4f64,False,
txn_8a82e37428,False,
txn_7642e716b8,False,
txn_bc1b97ada1,False,
txn_320c6f507c,False,
txn_537cb0a35a,False,
txn_c5857f9154,False,
txn_f5e021d146,False,
txn_5016bc9fb2,False,
txn_21242ac0a3,False,
txn_098683862f,False,
txn_ae853ecaa0,False,
txn_5ea460bb1d,False,
txn_089e5ba73e,False,
txn_d3296a1c54,False,
txn_ffa1380b39,False,
txn_a5d39e6dd1,False,
txn_3136eff1bb,False,
txn_5bcf0a845b,False,
txn_273c5cb699,False,
txn_db2ed885c6,False,
txn_64e19bf60a,False,
txn_2d9cc83834,False,
txn_28bb6cb5da,False,
txn_d0f18031fa,False,
txn_cb3eac47fd,False,
txn_c22b899026,False,
txn_b8ec9f8da7,False,
txn_ca93e8a316,False,
txn_dc2b7fbfcb,False,
txn_5efade8fdb,False,
txn_47b396b2ae,False,
txn_b8ca86e654,False,
txn_15fcd00d6e,False,
txn_4b2e24e4ea,False,
txn_870cad4e4d,False,
txn_5fcac26029,False,
txn_16467e215c,False,
txn_a309cec10a,False,
txn_708ad9b14a,False,
txn_08c9da8068,False,
txn_3278bf98ca,False,
txn_7d3be0e082,False,
txn_b5002492cc,False,
txn_47234c9511,False,
txn_02dfb17341,False,
txn_3e96816037,False,
txn_6d1c4678e7,False,
txn_d6754ebde2,False,
txn_04c9e7a31d,False,
txn_3086088fe7,False,
txn_94e1daea5c,False,
txn_5de9e8fec4,False,
txn_f184bde15a,False,
txn_f7106b8a0f,False,
txn_7bec7659df,False,
txn_a22dc63c3e,False,
txn_4634a6a8aa,False,
txn_5048c4b7c8,False,
txn_696d750a9d,False,
txn_1fb76dbf7e,False,
txn_0ea5070753,False,
txn_554be500d2,False,
txn_1013eec8b6,False,
txn_d7cc67edf9,False,
txn_87d0b65627,False,
txn_b51ba655bd,False,
txn_4ea20524fd,False,
txn_11720602fe,False,
txn_3689e46f10,False,
txn_9c6852716a,False,
txn_b1fc48c44b,False,
txn_d95112b142,False,
txn_0b4d05471d,False,
txn_3edd720b49,False,
txn_81ab6f32e5,False,
txn_34e36bcc23,False,
txn_48571f81bc,False,
txn_297f75866d,False,
txn_76010d5ad6,False,
txn_3fe7b43301,False,
txn_c8570ba42c,False,
txn_fca1412a64,False,
txn_8135c7bc58,False,
txn_e228e8b1bf,False,
txn_ed80ced315,False,
txn_8b35d7e9f0,False,
txn_dafd295d08,False,
txn_3a927d6fef,False,
txn_88bbfd3c0b,False,
txn_f22ba40b9e,False,
txn_b655f7927a,False,
txn_7267b6abe5,False,
txn_f9672e10ed,False,
txn_9492b24a33,False,
txn_717ab79bfd,False,
txn_fc0860f004,False,
txn_1c3d7a05fa,False,
txn_e9a0e2e3d1,False,
txn_dc252474da,False,
txn_9f90ff1723,False,
txn_7ee5ed6903,False,
txn_482bd4a577,False,
txn_31a1681ced,False,
txn_4dca3ce8ba,False,
txn_c87d2db187,False,
txn_2f534b3d28,False,
txn_f8e976d45a,False,
txn_739d30518a,False,
txn_f7cdaed5e0,False,
txn_07ad535a0c,False,
txn_ff02e25153,False,
txn_d724d9c4da,False,
txn_30a76cd05a,False,
txn_74d4b556b7,False,
txn_cb88c53d69,False,
txn_65424da2fa,False,
txn_5b7619ba4a,False,
txn_63a77ee8e6,False,
txn_5cce579f72,False,
txn_7e9fe3b4a0,False,
txn_8f05cb7e4d,False,
txn_1a9d1d8f5b,False,
txn_911f181fff,False,
txn_d55026096f,False,
txn_9d9b20b832,False,
txn_973d58fa4b,False,
txn_e207ab2885,False,
txn_467d451347,False,
txn_2b4bf86284,False,
txn_58f30bbe59,False,
txn_7b0d49f0b2,False,
txn_70511294cd,False,
txn_1f646687b3,False,
txn_2b64499563,False,
txn_d8b0b7325d,False,
txn_f05b930b36,False,
txn_ff9681a4f6,False,
txn_9170c54754,False,
txn_171867f88e,False,
txn_59b53c0c45,False,
txn_0665cdd7ff,False,
txn_0dd0175bfc,False,
txn_99e1345b93,False,
txn_c65abc8445,False,
txn_a7cbed38ef,False,
txn_b9154cdb41,False,
txn_71c2bf6442,False,
txn_d6891e2eb5,False,
txn_328ca6963b,False,
txn_6bdd9cf527,False,
txn_a0f3cae51e,False,
txn_c6828224d4,False,
txn_4fa030b077,False,
txn_ebcad9e920,False,
txn_3d9f9de6e5,False,
txn_071a61ef7d,False,
txn_8c5e9cd95a,False,
txn_18a37fb19b,False,
txn_5859d78425,False,
txn_8ea4038d5e,False,
txn_b4b4f4e812,False,
txn_800e1972f7,False,
txn_a388c8b7a3,False,
txn_9a11ce56d3,False,
txn_d35efe518a,False,
txn_aac6c2a7e0,False,
txn_7d0032d7bf,False,
txn_91ae9bf3dc,False,
txn_1afeff2bdf,False,
txn_745052d5c6,False,
txn_ff62e53357,False,
txn_336b71bd95,False,
txn_ef3e5287d5,False,
txn_569a1afd1f,False,
txn_48be219fe3,False,
txn_445c6ad2ce,False,
txn_d78e9205c6,False,
txn_42755f941f,False,
txn_81cc6ebb99,False,
txn_574a126a98,False,
txn_f483b9a0d1,False,
txn_00fb4ad59f,False,
txn_aa5080df52,False,
txn_bdcbdb5a4b,False,
txn_23be55fe9d,False,
txn_536602f92e,False,
txn_b3957d26c4,False,
txn_1329e7f9df,False,
txn_de687c4447,False,
txn_1d429985ed,False,
txn_0b512d4eb0,False,
txn_d643cf24f0,False,
txn_ccee2e42c4,False,
txn_157d09632e,False,
txn_77ceb9db9e,False,
txn_ec2645b1e7,False,
txn_c419973d48,False,
txn_2052ab4758,False,
txn_14e9bf468c,False,
txn_ec7aa342be,False,
txn_de94ea3782,False,
txn_00c334ddea,False,
txn_6978878ddd,False,
txn_2e11d82243,False,
txn_e48bf2a29b,False,
txn_476b449840,False,
txn_8e65155160,False,
txn_b969a27d2b,False,
txn_e2081f37fd,False,
txn_687586ea89,False,
txn_91ca23c294,False,
txn_4beaf1d72b,False,
txn_a7e3082abf,False,
txn_1e42c740b7,False,
txn_4c704ffb66,False,
txn_3553ffa0b6,False,
txn_89ab938b91,False,
txn_367c2f2c51,False,
txn_f462a5b7b3,False,
txn_c772e52105,False,
txn_7668056db9,False,
txn_58e2780222,False,
txn_c51471262a,False,
txn_b0f71c8320,False,
txn_27c649fff8,False,
txn_c45373a780,False,
txn_83606aa508,False,
txn_aaa49dc7a4,False,
txn_c111e20b75,False,
txn_e9b783d4b4,False,
txn_c7ac26c87d,False,
txn_18cce3f223,False,
txn_c7344fa772,False,
txn_3b02e54f04,False,
txn_3a028bf360,False,
txn_fd50fcd8fd,False,
txn_3421b57cce,False,
txn_4194787ef9,False,
txn_a4c877940b,False,
txn_24a70918a8,False,
txn_e93b96be5c,False,
txn_d2523b372e,False,
txn_1823992780,False,
txn_aa2d48dc7c,False,
txn_8ebd9d46a8,False,
txn_11bf9ee665,False,
txn_3d011172cb,False,
txn_287dc52222,False,
txn_d62185079a,False,
txn_3d405b41e0,False,
txn_a3af8d2952,False,
txn_88aa2d293f,False,
txn_c85e58d6bc,False,
txn_235d56349d,False,
txn_9a03706094,False,
txn_3b18ee3b7d,False,
txn_1c1ad65f81,False,
txn_072b332e54,False,
txn_0c22cd8349,False,
txn_c65173ea25,False,
txn_f6986a2c7e,False,
txn_6beada8f6f,False,
txn_c96626e65c,False,
txn_e006917cad,False,
txn_99f0f16ded,False,
txn_3a16db2a3a,False,
txn_fd6a6ae387,False,
txn_20c02b7f31,False,
txn_ac94c985a1,False,
txn_1806ff9abb,False,
txn_a4e3843ba0,False,
txn_998f6bf7dd,False,
txn_a95de6fc47,False,
txn_56963009ec,False,
txn_8db39af398,False,
txn_fcb16b9cd3,False,
txn_5974d2c5fa,False,
txn_3e96903bf7,False,
txn_6222c4325b,False,
txn_302c9d6f79,False,
txn_3cae3c6e62,False,
txn_0260af6410,False,
txn_5324d659f8,False,
txn_d972d88070,False,
txn_fc8e9f84cb,False,
txn_69d361c12a,False,
txn_6b773e0fa8,False,
txn_f7a3489049,False,
txn_fcecbfe72d,False,
txn_294220dada,False,
txn_61f9a7d245,False,
txn_79396fe116,False,
txn_bfffd6ec16,False,
txn_fa56e489d6,False,
txn_3a14ae0a63,False,
txn_fd20199c75,False,
txn_15cba58458,False,
txn_3c41727695,False,
txn_cebca45254,False,
txn_ddec5111a0,False,
txn_6e6d7be721,False,
txn_f32e7be8f8,False,
txn_1feb376148,False,
txn_18cbccb87a,False,
txn_5a492623d5,False,
txn_a5f02ab81c,False,
txn_8be435eed8,False,
txn_26aa30359f,False,
txn_52bd24e855,False,
txn_67a7cb41a0,False,
txn_7b57308384,False,
txn_6d595054c6,False,
txn_4a003250a1,False,
txn_ec28198e12,False,
txn_1719caa88f,False,
txn_a84713bcfc,False,
txn_f264cf19a0,False,
txn_84f257a834,False,
txn_0be3778d7a,False,
txn_1f1a8fcaaa,False,
txn_1820981c9e,False,
txn_1fd24a8592,False,
txn_af747df72c,False,
txn_e37ebe1bc7,False,
txn_5fdf22f02e,False,
txn_01c3fdbf1a,False,
txn_6b10be0391,False,
txn_5db5179923,False,
txn_72285aeb4b,False,
txn_2297cefb72,False,
txn_abdb155815,False,
txn_25ac35fe34,False,
txn_9e7e26d4f4,False,
txn_f1e3d8f68a,False,
txn_3ec9b68da0,False,
txn_42e3e3e7e5,False,
txn_b46f8487dc,False,
txn_5867cda721,False,
txn_bcf9f770a6,False,
txn_9d0f4a929e,False,
txn_6939a9f68d,False,
txn_8dee8ee034,False,
txn_d1c696bea1,False,
txn_8a2baa9336,False,
txn_a6336f4ed1,False,
txn_ff7953fc2a,False,
txn_5f1fb7c013,False,
txn_7d489cc0d3,False,
txn_dce7b56795,False,
txn_f226a806c6,False,
txn_48f7286220,False,
txn_34b24f52ff,False,
txn_22c9be71c1,False,
txn_05382323c6,False,
txn_2453c14cde,False,
txn_4c0bd4ef88,False,
txn_22f1bd9906,False,
txn_7c99f95305,False,
txn_31fb6453a8,False,
txn_82f84c8010,False,
txn_cbabc92608,False,
txn_ad5077ba67,False,
txn_177551f99a,False,
txn_fc907e0a84,False,
txn_6b3159fa74,False,
txn_1ae64194a2,False,
txn_9286e5dadb,False,
txn_0a54f6ac49,False,
txn_7af26532b8,False,
txn_83663133be,False,
txn_28b17d63e0,False,
txn_730cac03ec,False,
txn_2212065e18,False,
txn_e14ddf31cb,False,
txn_123af611d2,False,
txn_ec7537deea,False,
txn_ac3cb58f54,False,
txn_d02ebc9aec,False,
txn_c1ecffbc44,False,
txn_58e6dbcab5,False,
txn_08a92af9df,False,
txn_2ba3b3e303,False,
txn_c4f20129b5,False,
txn_e02cde2f10,False,
txn_984592a551,False,
txn_96e7791031,False,
txn_f79603a90e,False,
txn_1b26c8b894,False,
txn_e099f7fbd0,False,
txn_9537ae43fb,False,
txn_cb5611e6ae,False,
txn_e8ce496f9c,False,
txn_5f72e7c10d,False,
txn_8e060c1a82,False,
txn_87b3e17943,False,
txn_732b2f19b1,False,
txn_580ab2ff68,False,
txn_e9c8976af9,False,
txn_c236aa4636,False,
txn_4f3e44ef93,False,
txn_6a0b193f73,False,
txn_fa974cedc2,False,
txn_3234a7c2b9,False,
txn_ded966c5d4,False,
txn_e4740dbb12,False,
txn_b18d475e8b,False,
txn_ab0df64b5f,False,
txn_b1373d947e,False,
txn_7a35f7657d,False,
txn_a24ed9d2bd,False,
txn_ed5af77377,False,
txn_d7c5206476,False,
txn_27779d4452,False,
txn_5ee36221da,False,
txn_3ea936ef16,True,ring_06
txn_f37d5467b1,False,
txn_d85bd36c48,False,
txn_e0101bc57f,True,ring_06
txn_1542904fe0,False,
txn_242f3ac38e,False,
txn_aa7bb68de8,False,
txn_006372696b,True,ring_06
txn_f6609b881a,True,ring_06
txn_1b6757c2b5,False,
txn_25ba381059,False,
txn_2ccd0098d8,False,
txn_990a92e5eb,True,ring_06
txn_fcb5a84a0f,False,
txn_10c559eb87,False,
txn_5b88ada381,True,ring_06
txn_d618f2eb39,True,ring_06
txn_cb77e545e4,False,
txn_c3a04c5950,False,
txn_9d4ba3d38a,False,
txn_cb267639b4,True,ring_06
txn_235c1e5240,True,ring_06
txn_6961e0967d,True,ring_06
txn_63e3e2c0c0,False,
txn_d2354df601,False,
txn_b0863085bc,True,ring_06
txn_e2cab092fc,True,ring_06
txn_4dd84ec6ca,True,ring_06
txn_142cc6f885,False,
txn_af85cc14e8,False,
txn_b3211bf977,False,
txn_2e66877572,True,ring_06
txn_71e186e5d7,False,
txn_58384c0bff,True,ring_06
txn_7e1a67c2ee,False,
txn_c3af457214,True,ring_06
txn_642c92eaa2,False,
txn_c31472fecf,True,ring_06
txn_145d85d053,True,ring_06
txn_f9e71db5c2,True,ring_06
txn_d9aa3be1e7,False,
txn_f800e8c7cd,False,
txn_9f5d5e6e52,False,
txn_3270d881db,False,
txn_abf3635871,False,
txn_ffe3239cbb,False,
txn_02d22c17d8,False,
txn_1affa10e5e,False,
txn_6353fc4442,False,
txn_1243e918c1,False,
txn_e3125a8991,False,
txn_399f7fbdd2,False,
txn_f22580ad34,False,
txn_2d415cc293,False,
txn_cfc6d705f3,False,
txn_6b4fd70d98,False,
txn_9ab957da0d,False,
txn_aa9fafad1f,False,
txn_025115a384,False,
txn_939361c778,False,
txn_151e03dc10,False,
txn_a071116fa7,False,
txn_99056ce5d6,False,
txn_3d15ce8864,False,
txn_14bb1a3ce1,False,
txn_074811eab9,False,
txn_d910db9552,False,
txn_7c320f6caf,False,
txn_8ae18f6976,False,
txn_696fd1b58d,False,
txn_a58a99a65f,False,
txn_d780861e31,False,
txn_05e48348b1,False,
txn_1ac558d97b,False,
txn_bf2779d340,False,
txn_27fe197b70,False,
txn_dc0efad48a,False,
txn_f1de2298fd,False,
txn_1ea68a9433,False,
txn_8cb20608d6,False,
txn_0e7a721471,False,
txn_fbdab6a601,False,
txn_06119831f7,False,
txn_fadd37cc53,False,
txn_15e97c8a5d,False,
txn_b9263b0c01,False,
txn_aefcb534a4,False,
txn_766766bb4b,False,
txn_0d1e2c949e,False,
txn_abfc82db27,False,
txn_3fa19cd560,False,
txn_6a8eb1dd3f,False,
txn_253e82a264,False,
txn_db72c87e26,False,
txn_9855dd26e5,False,
txn_9894a1dc9b,False,
txn_8d39747804,False,
txn_78e6f83fa9,False,
txn_cb79f65fd2,False,
txn_4a3a5c5ef5,False,
txn_6cc108b21f,False,
txn_7c26ad2e43,False,
txn_af6b9a00d6,False,
txn_771a0d7257,False,
txn_08e9cf399c,False,
txn_37dca3b1b8,False,
txn_df0f3a59de,False,
txn_0d9da2ab8c,False,
txn_14bd839e12,False,
txn_b377b358d5,False,
txn_b2de44af0b,False,
txn_d027cfa3b9,False,
txn_ab65e9e154,False,
txn_4298b4ca5a,False,
txn_df63938464,False,
txn_c2598dc278,False,
txn_b4f7293066,False,
txn_7d0338b198,False,
txn_f8897250e9,False,
txn_98a8f3e1ab,False,
txn_4cc2f37b66,False,
txn_1589a64bf9,False,
txn_24ec2c6868,False,
txn_ef05d37aa2,False,
txn_2695a11de6,False,
txn_4b9b91f22b,False,
txn_b95096f791,False,
txn_6cc0700012,False,
txn_2c9e7c957c,False,
txn_2ac36a24f5,False,
txn_bba24bca64,False,
txn_3c1f55f1a1,False,
txn_781dc2c374,False,
txn_03dae0757d,False,
txn_da9eea2ef5,False,
txn_bb4b6e7168,False,
txn_ef6fb39c8d,False,
txn_12117387d0,False,
txn_cefdcfc951,False,
txn_fb9c348625,False,
txn_06458865cc,False,
txn_f602d95106,False,
txn_589bda06bd,False,
txn_2c972ae71a,False,
txn_2a3950c006,False,
txn_35cd414929,False,
txn_1b1e2339c5,False,
txn_5e2c13638b,False,
txn_8244e1413e,False,
txn_879398314b,False,
txn_105ab6d6cd,False,
txn_e59d4ca835,False,
txn_75d833fd58,False,
txn_2e8eab3589,False,
txn_914049b874,False,
txn_97d8dbb3bc,False,
txn_c990844707,False,
txn_ec01ff3b77,False,
txn_73952b92f0,False,
txn_9a190b357c,False,
txn_b46532b134,False,
txn_d23dbfc190,False,
txn_dc10175a89,False,
txn_07f502ca78,False,
txn_920639528a,False,
txn_8ced5ae520,False,
txn_9cc763eaa9,False,
txn_de295c4711,False,
txn_e390939f24,False,
txn_2a43275f00,False,
txn_3f898b9ec3,False,
txn_23357e7280,False,
txn_0e5b71cf80,False,
txn_05db3bde1b,False,
txn_65e2868680,False,
txn_8edded9924,False,
txn_cc846f4b58,False,
txn_d3b72eb778,False,
txn_06abf4565f,False,
txn_b0080b9688,False,
txn_9c62975469,False,
txn_16d8680282,False,
txn_d180e5511f,False,
txn_f42d86fe17,False,
txn_5c83a04dcf,False,
txn_d260273e96,False,
txn_a93afbbf7f,False,
txn_0f0b38fc6c,False,
txn_41ceecf010,False,
txn_a41889b9f1,False,
txn_b344ac62f2,False,
txn_08c839833b,False,
txn_53159db75d,False,
txn_294e8a1865,False,
txn_5b7118f65a,False,
txn_fcd9184050,False,
txn_cf47b38dab,False,
txn_29eec2d73d,False,
txn_ee1bda8cf1,False,
txn_631fd09e50,False,
txn_f8d2ef6127,False,
txn_430cc0bfbd,False,
txn_9b55a3f536,False,
txn_1a0f31c7b3,False,
txn_84de56e87a,False,
txn_bcc5f8887d,False,
txn_1984b440d5,False,
txn_569b3c8f00,False,
txn_b22ab0c5e7,False,
txn_b27508ed2a,False,
txn_2aeb101db3,False,
txn_2567143cae,False,
txn_af10019c88,False,
txn_035406e94f,False,
txn_f35cada6d6,False,
txn_a1d18d27b3,False,
txn_6106c17989,False,
txn_796e9e5e96,False,
txn_a3fcdc4ef4,False,
txn_5a0fed2454,False,
txn_f1a1bf554a,False,
txn_2c150864d3,False,
txn_a1b2b5f9d6,False,
txn_9b4ec8b630,False,
txn_5599c7676a,False,
txn_9ad78303c0,False,
txn_0b089aeca2,False,
txn_76649f0825,False,
txn_003958a628,False,
txn_6258939b6b,False,
txn_10c9505c18,False,
txn_c24ba2fccb,False,
txn_07f2f20b64,False,
txn_fba767b935,False,
txn_4d2bb9802e,False,
txn_8a50041ca3,False,
txn_9ef64f390a,False,
txn_c57277f9da,False,
txn_5f13a080c6,False,
txn_f900352b65,False,
txn_ec9be5cb85,False,
txn_9a952a6594,False,
txn_7ba4fb0a64,False,
txn_cf9bf1765a,False,
txn_0230ec5f53,False,
txn_6386e7e173,False,
txn_5076984c0b,False,
txn_b895c9659e,False,
txn_23e8be8f39,False,
txn_455a7f334a,False,
txn_a9310a8855,False,
txn_4813db6c46,False,
txn_8e214d5293,False,
txn_0dd3fdfed4,False,
txn_e4a73427d8,False,
txn_179fe11f9b,False,
txn_7bc1b49b2e,False,
txn_96beeea493,False,
txn_b61a43edaa,False,
txn_3545ae0f62,False,
txn_3079a82645,False,
txn_4af25bbe46,False,
txn_ebe052ff8f,False,
txn_8a9eafbe1c,False,
txn_a932b7630b,False,
txn_698e1cd274,False,
txn_54a2287ce8,False,
txn_88e731ae87,False,
txn_592c4887f9,False,
txn_e8e9fd7c87,False,
txn_c046395c09,False,
txn_e9f177111e,False,
txn_60f4e68585,False,
txn_d89a4c2b1d,False,
txn_7ec5d1362b,False,
txn_074585b3e1,False,
txn_f6a36bf306,False,
txn_1c556e78d4,False,
txn_bda9a2a139,False,
txn_fa62a09f03,False,
txn_7f2ed339e2,False,
txn_15b841b0c3,False,
txn_90b4910fec,False,
txn_3c04c9061c,False,
txn_e53d67af51,False,
txn_90c3fe3850,False,
txn_87a140f724,False,
txn_d716eeb857,False,
txn_0c85889109,False,
txn_587847740e,False,
txn_d9d144e1e6,False,
txn_4b9f33bbba,False,
txn_24f1808199,False,
txn_98246c656d,False,
txn_0aa66826b5,False,
txn_19060a776b,False,
txn_c588db199b,False,
txn_17f1baf1e9,False,
txn_8ebcaabd88,False,
txn_a704577ac8,False,
txn_698fd9c1e2,False,
txn_c8d309919c,False,
txn_40f15c87a8,False,
txn_b3476f812d,False,
txn_7e8817e4ab,False,
txn_a20de898e3,False,
txn_fcb2f82aa1,False,
txn_f61dc26ac8,False,
txn_92b0efa70d,False,
txn_bac0b2633b,False,
txn_42e5dd9ed6,False,
txn_18b41000b1,False,
txn_8d53bed317,False,
txn_a83a546d4f,False,
txn_438ef19307,False,
txn_c1de03f0d9,False,
txn_7817f4e351,False,
txn_04946c40b0,False,
txn_db10aa5f47,False,
txn_71ba93255b,False,
txn_32c2f5adcd,False,
txn_7daf8e07fb,False,
txn_e0786818a7,False,
txn_d483c30116,False,
txn_e39af9248e,False,
txn_08c9ce51a4,False,
txn_b483a70f17,False,
txn_af5fabeaa2,False,
txn_04667a1c58,False,
txn_fb9e81baca,False,
txn_ea646ed259,False,
txn_08a9426c36,False,
txn_52f09b50bb,False,
txn_0c85c4086f,False,
txn_169435d82e,False,
txn_54b46fcb9b,False,
txn_9ab6d1b410,False,
txn_fe54c39e4b,False,
txn_d7091e3a63,False,
txn_a5a062870e,False,
txn_5a57b02cfb,False,
txn_112e15a021,False,
txn_e20518baeb,False,
txn_187df55b2b,False,
txn_6e4dece02f,False,
txn_738d75f1c7,False,
txn_b546249a7c,False,
txn_192e5f91c4,False,
txn_94c191b52e,False,
txn_832a9e3992,False,
txn_8f81f89b2f,False,
txn_fffee6a81b,False,
txn_6949da1c9b,False,
txn_f18e65a224,False,
txn_18502bb485,False,
txn_766159fabe,False,
txn_79466180e7,False,
txn_31a41d7b4c,False,
txn_e9dc86bbb6,False,
txn_e48c9e7224,False,
txn_f909a23ea4,False,
txn_3abe1b95e5,False,
txn_08818ac6e1,False,
txn_043814a5e5,False,
txn_f58202f837,False,
txn_2d395320c1,False,
txn_bec2fc3d8a,False,
txn_3e03179bc2,False,
txn_7350630de6,False,
txn_92d7a1767e,False,
txn_6e8f2a5a06,False,
txn_7148f9cd3b,False,
txn_051abf31c7,False,
txn_a951dc2fa1,False,
txn_989090c061,False,
txn_664e990cb4,False,
txn_0293da67b2,False,
txn_592cfc5455,False,
txn_ed5561126e,False,
txn_b3f6b1f319,False,
txn_dc0ff52ba6,False,
txn_3369ffc2e9,False,
txn_22088f6bfb,False,
txn_afd16434ad,False,
txn_9e3bf03224,False,
txn_236cf639c3,False,
txn_61765d55de,False,
txn_8b919877e1,False,
txn_be19325b02,False,
txn_b546402b8e,False,
txn_4c3fd98e8e,False,
txn_25aa87b8b0,False,
txn_db274dd558,False,
txn_41899d8cee,False,
txn_5e524a9833,False,
txn_86b1395985,False,
txn_db7dcdedbe,False,
txn_1af92ca709,False,
txn_a0deef73bc,False,
txn_23a83ae57b,False,
txn_88b3015652,False,
txn_06d2bceb2e,False,
txn_d5605ba113,False,
txn_ed4cadda2f,False,
txn_cb9fdcbdb7,False,
txn_242688010b,False,
txn_6ba34e8196,False,
txn_cd837c94c4,False,
txn_33dc0c04cb,False,
txn_819cb986f1,False,
txn_d9a9507fe7,False,
txn_450a25a3f3,False,
txn_4295508352,False,
txn_a2ceb2e877,False,
txn_bb60d48fe1,False,
txn_06c032da02,False,
txn_c1e3f78669,False,
txn_515adfcfea,False,
txn_b2a6f42e0b,False,
txn_7ae2798544,False,
txn_1d166c2e42,False,
txn_e02c203e39,False,
txn_541c9acbec,False,
txn_69709b74ae,False,
txn_d966886264,False,
txn_9a6a2bd1dd,False,
txn_a4709fde61,False,
txn_a825813324,False,
txn_83d207ffb7,False,
txn_8283f0883b,False,
txn_bbf8e119b9,False,
txn_cf31009dc8,False,
txn_4d065cef1a,False,
txn_ea7657d0c4,False,
txn_76fb646db7,False,
txn_eeae24b565,False,
txn_8cecb8b7fa,False,
txn_96cd309af8,False,
txn_f65bca8a34,False,
txn_f6b0d13336,False,
txn_440d54a85b,False,
txn_f38074822b,False,
txn_2ba3d5102e,False,
txn_35cd5f41c9,False,
txn_d9e2c3b98b,False,
txn_87b08151ba,False,
txn_6754cbfb3e,False,
txn_7861fc780e,False,
txn_c1671c1e19,False,
txn_b6bfe7213a,False,
txn_d528e40274,False,
txn_ab80a15d54,False,
txn_977355b4e5,False,
txn_b6c97dade0,False,
txn_679c0c4a4a,False,
txn_362606e694,False,
txn_22a4aa6121,False,
txn_32a92d28de,False,
txn_8b603903a1,False,
txn_91057b9cc2,False,
txn_44892bd12c,False,
txn_72e69b7698,False,
txn_c873b937a9,False,
txn_62302f9add,False,
txn_3b02b6037c,False,
txn_341deba15a,False,
txn_d281086859,False,
txn_f85467de39,False,
txn_d91a24f814,False,
txn_4eb147337d,False,
txn_32e928950c,False,
txn_624a0d240f,False,
txn_5bd8db3472,False,
txn_781dd89dda,False,
txn_2214795436,False,
txn_fc71c86721,False,
txn_001d3872e8,False,
txn_8ad8bdb11a,False,
txn_d3946ff5b7,False,
txn_e17608b77c,False,
txn_0e44a16bf7,False,
txn_c1114a9eb0,False,
txn_cf6553f2cc,False,
txn_21d28222c7,False,
txn_e236886749,False,
txn_7898f09aa7,False,
txn_e5796fcf53,False,
txn_8c121fa955,False,
txn_f37c948760,False,
txn_13ce17b107,False,
txn_fb36f69947,False,
txn_55b0849af1,False,
txn_328949e835,False,
txn_2809ff1b9d,False,
txn_7ff697e859,False,
txn_9dadaa18bc,False,
txn_d205008d92,False,
txn_b36920bb28,False,
txn_97485db58d,False,
txn_85887fa9d1,False,
txn_3c41d819c1,False,
txn_84127c489e,False,
txn_c8dfbf8257,False,
txn_7b5fc78505,False,
txn_1b4ad93843,False,
txn_dc347e755d,False,
txn_9fc05d862e,False,
txn_751646b3cd,False,
txn_924599d653,False,
txn_00ccc0efcc,False,
txn_c214239424,False,
txn_b18434a851,False,
txn_4006a4e116,False,
txn_30ebac64f2,False,
txn_f57b302f32,False,
txn_cb7272d068,False,
txn_7102a6483c,False,
txn_33fc585e17,False,
txn_a433fe6d0c,False,
txn_271299fe85,False,
txn_fffd9c568c,False,
txn_129c29b68d,False,
txn_532caeafb9,False,
txn_32d3bd4cb4,False,
txn_12ab1c5c74,False,
txn_41dd586a95,False,
txn_cda7625cf4,False,
txn_77273fa969,False,
txn_71340e028e,False,
txn_b27e7fa823,False,
txn_05dfab916c,False,
txn_58bedfe0fd,False,
txn_ebdce9c7cc,False,
txn_357aba1005,False,
txn_4962e24a4c,False,
txn_b7b9771b3a,False,
txn_19cec9bc03,False,
txn_02249cce23,False,
txn_30d7ae7b69,False,
txn_8d5d18aa1b,False,
txn_02b044e89c,False,
txn_f073416f1e,False,
txn_9bba000a58,False,
txn_236dcfb313,False,
txn_b85fcfe979,False,
txn_4726a33620,False,
txn_46ccb4576f,False,
txn_bbf6e9f5a5,False,
txn_a037217db5,False,
txn_03632a7002,False,
txn_e76d46c78f,False,
txn_de5d13e943,False,
txn_cd993cc98b,False,
txn_a75405c1ce,False,
txn_f472e69766,False,
txn_fd63bf8f93,False,
txn_5a5fa07007,False,
txn_a808b8f86a,False,
txn_7113b22682,False,
txn_c8698cd1b3,False,
txn_3bf1567729,False,
txn_ed964d0e4c,False,
txn_48eedf6ae1,False,
txn_b1264ea9d2,False,
txn_38a390b188,False,
txn_1a23925736,False,
txn_fab9870104,False,
txn_2cb9092a91,False,
txn_eacbbcb3c5,False,
txn_99b7ed8094,False,
txn_cbca1de6e6,False,
txn_40364ee912,False,
txn_447fc5ad66,False,
txn_f1afef50da,False,
txn_b5a0bbd313,False,
txn_8eae2b5448,False,
txn_b19b2399da,False,
txn_984ed04b16,False,
txn_aa837132af,False,
txn_4b82205f65,False,
txn_a12de510f9,False,
txn_de96e38f1b,False,
txn_0e5a1acf10,False,
txn_95d85074b1,False,
txn_b1fc7626b7,False,
txn_e3ec4e6d17,False,
txn_2ca9fcf99c,False,
txn_447b43c2ba,False,
txn_4683f9c5bb,False,
txn_1876a56f14,False,
txn_58cab4884c,False,
txn_8c98718a10,False,
txn_39d27d76ce,False,
txn_0cfec3c035,False,
txn_401ab11f4a,False,
txn_e4810e3c5e,False,
txn_f7269eb4d3,False,
txn_2f16713872,False,
txn_9a454541b7,False,
txn_21ad2b22da,False,
txn_0498a2fa48,False,
txn_071a28e971,False,
txn_68abf88017,False,
txn_c83f3449f2,False,
txn_2222aaccd6,False,
txn_5039bbbd51,False,
txn_0731c70814,False,
txn_e59c27a9c0,False,
txn_b6ae461e12,False,
txn_2dcae58550,False,
txn_63ca769139,False,
txn_dca9f71abf,False,
txn_33878ee0ab,False,
txn_3fefee7463,False,
txn_c1b0a5c85b,False,
txn_cc329c555a,False,
txn_6d1b6ae6d5,False,
txn_5b25d7f5b5,False,
txn_4d13ad9bc7,False,
txn_01dd6a8b46,False,
txn_fe1aa0cd15,False,
txn_2eaa8f7349,False,
txn_7dc8a293c0,False,
txn_f76c9ab170,False,
txn_9a37f008d9,False,
txn_27969ddf7d,False,
txn_c5848f2924,False,
txn_71cb4cd9b6,False,
txn_792591bba9,False,
txn_4b6bbf73b6,False,
txn_07eb20c56a,False,
txn_ab1504a8aa,False,
txn_b2fc34a40f,False,
txn_24306465db,False,
txn_806a0af3ac,False,
txn_c6314238be,False,
txn_e75004674e,False,
txn_cb723ab6a4,False,
txn_34d0106413,False,
txn_72540a281e,False,
txn_75a4c05b1e,False,
txn_972d83d7b7,False,
txn_57a395711d,False,
txn_eec76b542e,False,
txn_217f70496b,False,
txn_fd85a7cc54,False,
txn_07d8b843bb,False,
txn_3322cce1a0,False,
txn_df74f242b3,False,
txn_10d58e38b0,False,
txn_7a9bb6a99f,False,
txn_0e57a8fa6f,False,
txn_2f6ac5579a,False,
txn_b06e9abbce,False,
txn_ca97bbb1d0,False,
txn_813e1cb7bc,False,
txn_8b039dfc3a,False,
txn_62341e5d7c,False,
txn_cabc805afe,False,
txn_443d052faf,False,
txn_9459431ad3,False,
txn_e16f57c3cb,False,
txn_82c0420e7b,False,
txn_31db2aabef,False,
txn_d46f78c3b5,False,
txn_5ff8db867e,False,
txn_e81115fa84,False,
txn_45243bd374,False,
txn_76aa5262bf,False,
txn_24b6bce4b2,False,
txn_2c1ca20f30,False,
txn_3c42cf4258,False,
txn_c617e0ae02,False,
txn_60d1f40857,False,
txn_2555b7f1f6,False,
txn_0517afc03d,False,
txn_84ec8c299e,False,
txn_5b2604d39b,False,
txn_f095e314ce,False,
txn_4ac8352f21,False,
txn_cc7a869019,False,
txn_e438661bef,False,
txn_cd8fbb6908,False,
txn_266f286b7b,False,
txn_1aa52974cd,False,
txn_4568d3556a,False,
txn_57a084982f,False,
txn_7297418de0,False,
txn_77c7d04d15,False,
txn_2863f25337,False,
txn_946ada59fd,False,
txn_cd217aebfd,False,
txn_183c9bbb2f,False,
txn_08553ad1cb,False,
txn_83d8f16a41,False,
txn_ff150ce1b4,False,
txn_40a8928574,False,
txn_ae37ba78c3,False,
txn_6891670378,False,
txn_25b7aae8f0,False,
txn_101d267723,False,
txn_1b95f42e99,False,
txn_30d044ee6c,False,
txn_09290cd688,False,
txn_2bd814d1fe,False,
txn_9cbe1d1a14,False,
txn_11327d302c,False,
txn_2268ebaeff,False,
txn_f644425cd6,False,
txn_d6c045d222,False,
txn_68ab054da1,False,
txn_660a2c4bef,False,
txn_c9e9098faf,False,
txn_60d8df3c56,False,
txn_fe3240e42b,False,
txn_c2bac997b4,False,
txn_0bd872bc03,False,
txn_4501e41eb0,False,
txn_ef462c338d,False,
txn_0c435e3270,False,
txn_b98d3c04cb,False,
txn_bc5a9f2adb,False,
txn_a6ac6b7e30,False,
txn_cb78650ad0,False,
txn_3a4808dc75,False,
txn_2199f03123,False,
txn_9e541bc2ef,False,
txn_ea4d87bff8,False,
txn_ca9d1aae36,False,
txn_bfe1d93cdf,False,
txn_9d288e034c,False,
txn_35ee63c110,False,
txn_bc7363f188,False,
txn_55f5e82940,False,
txn_18c0c2a2f1,False,
txn_b90508950c,False,
txn_8613b9a047,False,
txn_44949b61af,False,
txn_9ca0d8cf34,False,
txn_507e323bf8,False,
txn_e771a6e69e,False,
txn_a4e9f4df07,False,
txn_c18d7a3923,False,
txn_bf10798d3a,False,
txn_ff671d0c5b,False,
txn_a4b515a2ac,False,
txn_fbeefa6a13,False,
txn_e200b0561a,False,
txn_388300046c,False,
txn_68d4b8b9c3,False,
txn_233266430e,False,
txn_bf42f7689b,False,
txn_f5f1ad2490,False,
txn_dadfb01d08,False,
txn_5508010874,False,
txn_4d8369178a,False,
txn_40d65beb83,False,
txn_6b14e1c64e,False,
txn_900e7505cd,False,
txn_5c52cb8332,False,
txn_653bc47f1b,False,
txn_39c143e212,False,
txn_8a87694657,False,
txn_45489c7c32,False,
txn_55e11b161b,False,
txn_20dd6eb448,False,
txn_4cab785e10,False,
txn_15f7da1efe,False,
txn_74bd1b8b57,False,
txn_72a03b13bf,False,
txn_a834a3ad11,False,
txn_e85514f540,False,
txn_9be651ebab,False,
txn_a0086925d9,False,
txn_b49dcf7cca,False,
txn_b102249400,False,
txn_d03c3f83f4,False,
txn_196f8da054,False,
txn_b9dfedc23e,False,
txn_c4c34b057c,False,
txn_dc8f28b985,False,
txn_ba4581a395,False,
txn_ec197f354f,False,
txn_c199acff60,False,
txn_eafdace6d7,False,
txn_5dda876fa9,False,
txn_dbdf4bb43a,False,
txn_38a116131c,False,
txn_f4c182547b,False,
txn_c43b3fa024,False,
txn_80efb7f173,False,
txn_241f84ce0f,False,
txn_4c02c28d17,False,
txn_8cc2802850,False,
txn_ae12eda95a,False,
txn_137c676bd4,False,
txn_eff2c3a836,False,
txn_106c721010,False,
txn_cd59e1fd3d,False,
txn_6d59ffd0a2,False,
txn_90fd8ed6af,False,
txn_a302b64aa4,False,
txn_04b25980b4,False,
txn_9daa15e859,False,
txn_cdeab79bec,False,
txn_e24ea3f1f9,False,
txn_dacffd1a55,False,
txn_2412838694,False,
txn_04256c4771,False,
txn_65547d91e5,False,
txn_ed33ed5318,False,
txn_485686cb6f,False,
txn_79c7a7399d,False,
txn_1c86cc8ab6,False,
txn_cb5c8b4991,False,
txn_0febda42cd,False,
txn_949f431a78,False,
txn_ff9f6c3f66,False,
txn_bb20119f68,False,
txn_e6549a63af,False,
txn_cebab57a03,False,
txn_26dd716362,False,
txn_1ba383ba9e,False,
txn_8697a3457a,False,
txn_302480c8ff,False,
txn_f7fe884417,False,
txn_353689d01e,False,
txn_8c3020cb1d,False,
txn_75728726f3,False,
txn_bc58a3faee,False,
txn_2b9585ae2f,False,
txn_711df84f51,False,
txn_7cb00392ee,False,
txn_7bded8b531,False,
txn_b351710df7,False,
txn_87bdd64778,False,
txn_44e71298a6,False,
txn_508e0be90d,False,
txn_4e445df6b3,False,
txn_612ff28ef0,False,
txn_cfd0e15108,False,
txn_ce4f9ee2ab,False,
txn_3f82bc4af6,False,
txn_feb153cef7,False,
txn_f874b39b71,False,
txn_b1f814ba5f,False,
txn_3b183cb4b4,False,
txn_ad34782197,False,
txn_7e55d80d68,False,
txn_08eb252378,False,
txn_9e2a3e5e10,False,
txn_52fc726cd2,False,
txn_b9aeb717f4,False,
txn_e61622e907,False,
txn_2381290ffa,False,
txn_8b0266aa4e,False,
txn_6fcd36d276,False,
txn_ef9a58cea8,False,
txn_4b650c82a8,False,
txn_8663c84661,False,
txn_ce158d1479,False,
txn_86a71be744,False,
txn_43a0470ed3,False,
txn_a443578b65,False,
txn_d60bcdd6f6,False,
txn_7cd311f8b0,False,
txn_afd1e5ab74,False,
txn_88347a8d71,False,
txn_ed8745b082,False,
txn_75ad504c31,False,
txn_a5bd8851a2,False,
txn_0ff5c07b90,False,
txn_706ab9921f,False,
txn_377f962318,False,
txn_fbc43103aa,False,
txn_e313ab4092,False,
txn_7374265743,False,
txn_f84da0cb5e,False,
txn_c836175c4f,False,
txn_af2b7ee649,False,
txn_bf7a538247,False,
txn_84026502e9,False,
txn_314176d1bd,False,
txn_370afb6d42,False,
txn_e1ca5232f6,False,
txn_d4fcc01275,False,
txn_8236a05a18,False,
txn_af082dec55,False,
txn_409c282878,False,
txn_15ae63bec7,False,
txn_da50d6ec37,False,
txn_22efca4ae7,False,
txn_46b9a0be9b,False,
txn_96189ccfc2,False,
txn_01ac254874,False,
txn_470790dbe1,False,
txn_7882d1da38,False,
txn_f2e60a76cf,False,
txn_6d120312c9,False,
txn_0244bb0933,False,
txn_165b39e9d4,False,
txn_20b225e4b3,False,
txn_ac4daf1b65,False,
txn_ae180e8ab2,False,
txn_595e697ecb,True,ring_02
txn_12c8e54cbd,True,ring_02
txn_93b2cd21ac,False,
txn_815deeae1c,False,
txn_fb88f6553b,True,ring_02
txn_56ac40c326,False,
txn_71d7aa598b,False,
txn_184cd6a428,True,ring_02
txn_f7da95e4be,True,ring_02
txn_dcccdea61c,True,ring_02
txn_1f587dd2e2,True,ring_02
txn_0abe45b1a7,False,
txn_e12b1dc7b1,False,
txn_d2ab30998d,False,
txn_00818b5e9b,True,ring_02
txn_b0d74f8e1f,False,
txn_e1f4643f5f,False,
txn_1ce5623a65,True,ring_02
txn_3e6641586b,True,ring_02
txn_f1058ae40d,False,
txn_5fe7022e8f,False,
txn_751fac85e0,True,ring_02
txn_3162963076,True,ring_02
txn_47128e6b9c,True,ring_02
txn_872a70cbc6,False,
txn_a5431e100f,True,ring_02
txn_c22ca1a9fd,False,
txn_f641800e96,True,ring_02
txn_17b0bb0c3a,False,
txn_e639cbd175,False,
txn_3f0b5ddbc9,False,
txn_30a80cd342,True,ring_02
txn_9f8508e7ca,False,
txn_b8fed30cf0,True,ring_02
txn_179ae81298,False,
txn_6d68dae604,True,ring_02
txn_103ebaf07b,False,
txn_0924f73614,False,
txn_17c729c844,True,ring_02
txn_e62001fcc3,False,
txn_8e246eecfd,False,
txn_4e5b46a8ab,False,
txn_cb9033ab48,True,ring_02
txn_a988655d3f,True,ring_02
txn_e814459c30,True,ring_02
txn_55b83e2ae2,False,
txn_2ad2f1c768,False,
txn_50d8b40c5d,False,
txn_de857f65d3,False,
txn_8c70e13224,False,
txn_69861add87,False,
txn_e810ff1e81,False,
txn_57d0cbaa3a,False,
txn_ec3065ebab,False,
txn_98077ef70f,False,
txn_cc57737128,False,
txn_abcfc84693,False,
txn_946e23a01c,False,
txn_079ce48726,False,
txn_3aa95c1665,False,
txn_f8569b7678,False,
txn_42743485c6,False,
txn_9f5fc62a83,False,
txn_20e746fc73,False,
txn_7afd0cfecb,False,
txn_524b537c1c,False,
txn_963a64fe13,False,
txn_04d4de7df2,False,
txn_23da5f29cb,False,
txn_79a6770cce,False,
txn_4ccc60eb0e,False,
txn_9f5c3356e8,False,
txn_3b574034e1,False,
txn_537e7e946d,False,
txn_d6db129266,False,
txn_41da443cea,False,
txn_5bd6a8873c,False,
txn_a2f2815ff7,False,
txn_a79dcbcbcf,False,
txn_fa5408e5a7,False,
txn_712bbfe614,False,
txn_06fcd6bbc5,False,
txn_9edae10e1d,False,
txn_3e8a74f7e2,False,
txn_ee59a88184,False,
txn_0faddd8bf6,False,
txn_05fc3032ee,False,
txn_83bc0be3a7,False,
txn_cf9f5fc28e,False,
txn_76bd4d1187,False,
txn_57a7f5d6c0,False,
txn_3950fe74d3,False,
txn_32d727bdae,False,
txn_24157d1bb4,False,
txn_ba37b33669,False,
txn_2ae096f1a7,False,
txn_805f441d0d,False,
txn_611076fb3f,False,
txn_c55037bc3c,False,
txn_86c25abc5f,False,
txn_10f78114e4,False,
txn_cc9bbff204,False,
txn_93d6b1f760,False,
txn_3629671151,False,
txn_6d6bec79df,False,
txn_9af04b1ace,False,
txn_1769284966,False,
txn_97e880d84d,False,
txn_8a9c3fe797,False,
txn_9eed254012,False,
txn_270d8bd0f8,False,
txn_ca21ba901a,False,
txn_8ee818ef3d,False,
txn_09d98f3c14,False,
txn_c6ff621eaf,False,
txn_9164ecd267,False,
txn_82b15b9234,False,
txn_e41e7cfa37,False,
txn_014100818d,False,
txn_c0b40d4639,False,
txn_b059875a61,False,
txn_b774ec9e8c,False,
txn_c191111125,False,
txn_6eb66c5cd6,False,
txn_35df0be513,False,
txn_ab9fdcd3d0,False,
txn_efc448f37f,False,
txn_e833866c3e,False,
txn_751014aec0,False,
txn_5e26a8a179,False,
txn_1fcde89ead,False,
txn_fb2b7135ee,False,
txn_927796c608,False,
txn_e0b57071a3,False,
txn_5a2f95a7a3,False,
txn_c07840ee6e,False,
txn_34affc9d15,False,
txn_534eb638ab,False,
txn_33eaa36160,False,
txn_4ff67ab44b,False,
txn_0c44b4fc11,False,
txn_7697dbc3fb,False,
txn_1614181e8d,False,
txn_5f403ab0df,False,
txn_e2b25235f7,False,
txn_42dde56b89,False,
txn_0cfad23e2b,False,
txn_5844f381df,False,
txn_849b932485,False,
txn_178df10d22,False,
txn_05c274602c,False,
txn_5dc6ffee80,False,
txn_86a6171301,False,
txn_5e0655ad7b,False,
txn_86c0b21a93,False,
txn_f5d9c655aa,False,
txn_0ee70ae0a1,False,
txn_1d20d4439d,False,
txn_f40295400b,False,
txn_a2a4ae7d84,False,
txn_dfa28ea771,False,
txn_c56dab9b1f,False,
txn_c3453f73f6,False,
txn_d0945297c6,False,
txn_038b3d7eca,False,
txn_1e11c5d753,False,
txn_e3942c69be,False,
txn_7ecef4b800,False,
txn_4ec0ed7cad,False,
txn_1facc5c2be,False,
txn_0437b3dd58,False,
txn_6e0f6973b6,False,
txn_1a38a23b3d,False,
txn_124cc8960f,False,
txn_51d29414f9,False,
txn_53256a7c54,False,
txn_2a7ea2a72a,False,
txn_f17cb5fa85,False,
txn_4808a567c3,False,
txn_b6de19dd4e,False,
txn_947614429f,False,
txn_808e10cf43,False,
txn_9c19b078b5,False,
txn_89b7fbe32c,False,
txn_e98efb3fd9,False,
txn_d1acf133ed,False,
txn_ff35e1857d,False,
txn_e27327e162,False,
txn_652c614a33,False,
txn_13f3c7ef86,False,
txn_25fba3782f,False,
txn_70cfa3675b,False,
txn_222c89c896,False,
txn_1334ca92a0,False,
txn_ef4fc2f694,False,
txn_26b30fef7a,False,
txn_e4bfd94d1c,False,
txn_374fc98e38,False,
txn_e56c8360cc,False,
txn_4da9831842,False,
txn_fc146f7689,False,
txn_6ed68add8f,False,
txn_c88386d4da,False,
txn_213ae9d89d,False,
txn_eeb2138687,False,
txn_949852cf2d,False,
txn_3ae00a8b2c,False,
txn_6a1a3d3a99,False,
txn_c466ecd447,False,
txn_0b05b456ba,False,
txn_1678456b68,False,
txn_d13454ccdf,False,
txn_a03f2339b5,False,
txn_3d222e0268,False,
txn_18f7df7577,False,
txn_c16e270f74,False,
txn_e4ff2af6b0,False,
txn_4793f9b86f,False,
txn_5fe91db6c3,False,
txn_e68c0a5a3a,False,
txn_b74e632976,False,
txn_310729f99c,False,
txn_ebe087cce8,False,
txn_ea364cc38c,False,
txn_e7c1796a61,False,
txn_9fa6fe7436,False,
txn_5ef573039f,False,
txn_b2a9569a79,False,
txn_2616c961b8,False,
txn_5e1cadf85d,False,
txn_b05b2ab525,False,
txn_2d51f6411b,False,
txn_5b7753551d,False,
txn_890029076e,False,
txn_4590468854,False,
txn_0ea8347d0f,False,
txn_f9dbc17008,False,
txn_49d525492a,False,
txn_c59de684df,False,
txn_5ac62ee46f,False,
txn_6d58715706,False,
txn_5f6c4ba1b0,False,
txn_5536b519b4,False,
txn_117b936100,False,
txn_a59d621c9b,False,
txn_7badebd8ec,False,
txn_3ea8a3db97,False,
txn_def8e0c97a,False,
txn_9d9959184a,False,
txn_f195bbe603,False,
txn_dc070287f0,False,
txn_1b1bfe41ea,False,
txn_c2526a76aa,False,
txn_d2d43a4722,False,
txn_fa7dbebefd,False,
txn_1198a73c99,False,
txn_24b472611d,False,
txn_3b0fe4afca,False,
txn_1e05f579b3,False,
txn_54724778b9,False,
txn_3c180e626e,False,
txn_d67b162e38,False,
txn_2dae7d82fd,False,
txn_4e71155740,False,
txn_7caafaee2b,False,
txn_d661219819,False,
txn_48fe1a6c65,False,
txn_79adb82a59,False,
txn_2f04617bd5,False,
txn_8ab1df9339,False,
txn_46d05abe21,False,
txn_8e12e36a8f,False,
txn_79316d66aa,False,
txn_d7bedc0667,False,
txn_4e430a51fc,False,
txn_7bbfa01e54,False,
txn_532c672153,False,
txn_19e3a4bf80,False,
txn_dda779a2a1,False,
txn_88d63dc350,False,
txn_194647d2df,False,
txn_fa72a5dfdb,False,
txn_a7ba019d18,False,
txn_723380943b,False,
txn_28a6206844,False,
txn_f695c2d551,False,
txn_fa7b5ad570,False,
txn_7945dc8128,False,
txn_3bcccd1a9e,False,
txn_95709774cd,False,
txn_82d004449b,False,
txn_c54c99cc59,False,
txn_4e567aa1b3,False,
txn_b87b42606a,False,
txn_8500027184,False,
txn_e68fba653a,False,
txn_5d48ea674d,False,
txn_edef952440,False,
txn_954ac17cd2,False,
txn_adcb5cf888,False,
txn_9d5bd94f1e,False,
txn_3f324885e4,False,
txn_3585d90461,False,
txn_a6a014bbbd,False,
txn_95d154d5bd,False,
txn_67f64562b2,False,
txn_f5da013bcd,False,
txn_dc8af723b5,False,
txn_d518374492,False,
txn_dc743b1648,False,
txn_2f31b0de6e,False,
txn_5ff20c7219,False,
txn_bc900c1e71,False,
txn_6d91599848,False,
txn_1b761b268b,False,
txn_d903dd0b77,False,
txn_27cfcc3ac7,False,
txn_8c7640b030,False,
txn_ed09034a58,False,
txn_459bd2971e,False,
txn_eb0347ebd1,False,
txn_228b34bc50,False,
txn_951467846f,False,
txn_43afb65b93,False,
txn_46423a0284,False,
txn_0b3068c0aa,False,
txn_ba2f836b8f,False,
txn_bea33e3b05,False,
txn_25ab862fc5,False,
txn_2ef6f085e6,False,
txn_ff1d7623d9,False,
txn_39d4286b0f,False,
txn_d218ced1e5,False,
txn_bc4f490c58,False,
txn_dd22823794,False,
txn_63c865c90e,False,
txn_8b1757cf1f,False,
txn_22a694328c,False,
txn_b96d7f4ed3,False,
txn_2394a386cd,False,
txn_124855d158,False,
txn_73e41f7cdf,False,
txn_dd14464d9c,False,
txn_39e9ed170a,False,
txn_73603d3758,False,
txn_fa7b356c36,False,
txn_9cbd97aab3,False,
txn_06f1f41fc7,False,
txn_71dd960bba,False,
txn_8d92a95f7a,False,
txn_ebcf32dafa,False,
txn_82e6ccf503,False,
txn_d30a67ac0c,False,
txn_6fb6e15083,False,
txn_4f2d92ea56,False,
txn_6df5abaad0,False,
txn_eb1fb2087d,False,
txn_b05c3b6507,False,
txn_4a198ae8d9,False,
txn_519703d886,False,
txn_985e3c2418,False,
txn_f0ee11280c,False,
txn_b545f59ff2,False,
txn_a65e246dfa,False,
txn_54b4639ee2,False,
txn_86b08937c4,False,
txn_d730df6620,False,
txn_a392b8a65b,False,
txn_c3b0ca9130,False,
txn_3cab7cbbce,False,
txn_875ff0d7dd,False,
txn_1a3168fa05,False,
txn_0995a1e048,False,
txn_8e1815972c,False,
txn_6468cb3dd4,False,
txn_efd86fb45a,False,
txn_1cb333e921,False,
txn_5c02216dfc,False,
txn_6d40a5d167,False,
txn_421fc1dc2c,False,
txn_951e5d4a4c,False,
txn_69cf26a656,False,
txn_8ce9d87c1d,False,
txn_e8d92d5b12,False,
txn_2dfb61eea8,False,
txn_70ecb6e5bd,False,
txn_82be16ee20,False,
txn_ca1da06a3c,False,
txn_f57749bea6,False,
txn_7ebcd8c8cf,False,
txn_2dfb549f1a,False,
txn_c490c05e0a,False,
txn_e78c80dce1,False,
txn_69f11c69c9,False,
txn_0b86abf32c,False,
txn_d2d91cb12f,False,
txn_476a5158a9,False,
txn_c14b53f2a3,False,
txn_dcf5594bb9,False,
txn_3ae21372c8,False,
txn_66b00951b5,False,
txn_d1b270c1b0,False,
txn_6862ff10a2,False,
txn_eea79c059e,False,
txn_7ed9106f99,False,
txn_1eb2f0b36f,False,
txn_8980e1e552,False,
txn_06d343e69f,False,
txn_17f9e82b18,False,
txn_85a6d7a0d1,False,
txn_376deb3314,False,
txn_fbe220737a,False,
txn_f53e65be6b,False,
txn_6688d4c02e,False,
txn_e3b08fc4bf,False,
txn_4858c24004,False,
txn_e152924340,False,
txn_e88c66495d,False,
txn_75c17f2309,False,
txn_447349c663,False,
txn_a2233d721d,False,
txn_f231e1f5e0,False,
txn_36e7e56aed,False,
txn_ec0cd58839,False,
txn_198c761b07,False,
txn_a69c7e1d0c,False,
txn_8dff48cd4f,False,
txn_68987cfab2,False,
txn_0df462b192,False,
txn_9c23793db0,False,
txn_8cb0dec961,False,
txn_5d52369505,False,
txn_47ce951849,False,
txn_32ae2f170b,False,
txn_5a2fe2ecff,False,
txn_a6cd18676e,False,
txn_cfc101618c,False,
txn_ba75409068,False,
txn_5b4602fff9,False,
txn_55b0458c8a,False,
txn_725dffff25,False,
txn_475c51efd0,False,
txn_911d39c401,False,
txn_19abd576cc,False,
txn_57c2a840ee,False,
txn_64d7091630,False,
txn_6deedea1c4,False,
txn_e0ed107431,False,
txn_c0d6413345,False,
txn_35d09e9266,False,
txn_52443732d0,False,
txn_6a0b90b0a8,False,
txn_a26c4be83e,False,
txn_07942a09f5,False,
txn_2eb2aa91b7,False,
txn_b38d54a804,False,
txn_b94f5749aa,False,
txn_7aa3f1bb58,False,
txn_f160832223,False,
txn_9b66a8e52a,False,
txn_9609784b63,False,
txn_373629f866,True,ring_05
txn_f85368e4ad,False,
txn_868c6e695f,False,
txn_64b93ed4db,True,ring_05
txn_040b5237b5,True,ring_05
txn_62e61d606d,False,
txn_f470619312,True,ring_05
txn_b7033d5a3f,True,ring_05
txn_3f4166dfcc,True,ring_05
txn_4608f6e81d,False,
txn_a04eba9679,True,ring_05
txn_4b1c73e59b,True,ring_05
txn_d284a6485f,False,
txn_2e62474301,False,
txn_ed701365ea,True,ring_05
txn_6431348c96,False,
txn_3552453394,False,
txn_8f95c35e95,True,ring_05
txn_fb7e2193d2,False,
txn_03447f2014,False,
txn_b3d36935cc,False,
txn_18352833d7,False,
txn_a0acf54af6,True,ring_05
txn_d1aebe78a8,False,
txn_2517b77702,False,
txn_9eb429d6e2,False,
txn_b63300f5d5,False,
txn_3f3981880e,False,
txn_f6ee1f704c,True,ring_05
txn_9ebbd57159,False,
txn_b03f702c5f,False,
txn_ce922f5061,False,
txn_8e8ec2bcb0,False,
txn_976f7ab3ed,False,
txn_e6207ed299,False,
txn_8ff1522b11,False,
txn_7c225f0bea,False,
txn_2470bb4276,False,
txn_4d75193814,False,
txn_2ad8e88c18,False,
txn_94508fabb3,False,
txn_fe4fc7692d,False,
txn_c41619ecc4,False,
txn_fd85232040,False,
txn_f604e97e5b,False,
txn_174e31d2e8,False,
txn_17616afa6c,False,
txn_92c18e0cad,False,
txn_c7539cf6a0,False,
txn_6b189c9eef,False,
txn_6097553eac,False,
txn_14dec51b65,False,
txn_6a6cacd0df,False,
txn_9a1da9e332,False,
txn_804cc888b6,False,
txn_1aed3eb68d,False,
txn_4e161f7363,False,
txn_1d6970f72d,False,
txn_1f52c271ee,False,
txn_1863c9fb0e,False,
txn_b3116ddb0d,False,
txn_590f8697f0,False,
txn_d77cc3f7ec,False,
txn_f04033886f,False,
txn_55a8dc10da,False,
txn_f89510affc,False,
txn_2ee54da4a0,False,
txn_920a349fd2,False,
txn_8aea389ae8,False,
txn_bbe4297622,False,
txn_f1e0808bed,False,
txn_ed73963f91,False,
txn_3311b499d9,False,
txn_b6cf493d1d,False,
txn_daa0e17d22,False,
txn_a8f91d4a6b,False,
txn_da367e1824,False,
txn_0dd5997af4,False,
txn_7369e4a507,False,
txn_4e4905a428,False,
txn_c8cc229f23,False,
txn_9b45e6f7f5,False,
txn_821474a2bb,False,
txn_ebe3c28882,False,
txn_d54df4f365,False,
txn_566e33abae,False,
txn_e41b41a21c,False,
txn_b64a3c80be,False,
txn_cf264930a8,False,
txn_8b4a9be7a6,False,
txn_201c8a22c1,False,
txn_18d0f6615a,False,
txn_eec1bc79e6,False,
txn_a6dcdf6994,False,
txn_20a79c039a,False,
txn_4ccff7ed74,False,
txn_023d32afb0,False,
txn_aa5be67536,False,
txn_f99bfdc165,False,
txn_b7ec38bfaa,False,
txn_8638587da1,False,
txn_2d989d6ece,False,
txn_d99f50d6ac,False,
txn_8e5991c5b5,False,
txn_f34b03d19b,False,
txn_8dc43bfee9,False,
txn_772adc8fc6,False,
txn_20b8ca9ea5,False,
txn_ccfd3288cf,False,
txn_dea5f628a9,False,
txn_0ea9e49dc5,False,
txn_964885bc6f,False,
txn_8617d5f05f,False,
txn_f3c0089be3,False,
txn_1adbeb99ee,False,
txn_cb9deea6be,False,
txn_b21e177c95,False,
txn_2baa76a8b0,False,
txn_0de49a2f26,False,
txn_ff2d137f76,False,
txn_cf9b807055,False,
txn_1dd71a57f7,False,
txn_682dd59f6c,False,
txn_3802a0f27a,False,
txn_c29bd58571,False,
txn_014e840ced,False,
txn_85286db4a1,False,
txn_b695076d33,False,
txn_1f02e73233,False,
txn_f5b8c1c03c,False,
txn_a08e054ce1,False,
txn_6b03e3086d,False,
txn_5cba0871b9,False,
txn_a76bbd9c00,False,
txn_ac7a4db10e,False,
txn_4fc905ce40,False,
txn_bd08d6508a,False,
txn_34679ac3fb,False,
txn_26e7375a9f,False,
txn_6b1b3773b7,False,
txn_e203284a77,False,
txn_58a6149084,False,
txn_7976442e41,False,
txn_0903820c11,False,
txn_5762a15d40,False,
txn_cbc887dfa4,False,
txn_e8b410a196,False,
txn_250d574e56,False,
txn_4da4390893,False,
txn_bf25bc6c8a,False,
txn_657bb8ebc2,False,
txn_b6f5aaeb3e,False,
txn_1040e76f84,False,
txn_b9c531405f,False,
txn_71db8894af,False,
txn_8c0d9338bc,False,
txn_220304cc7b,False,
txn_d5d23b4885,False,
txn_f4647bcda7,False,
txn_cff622f7ed,False,
txn_04c28c247f,False,
txn_104c25b450,False,
txn_038f5eb598,False,
txn_4175be29a0,False,
txn_cd476aeb8c,False,
txn_f4a2bcc30c,False,
txn_e340fe816a,False,
txn_d006603715,False,
txn_9fbc7949da,False,
txn_c956509b56,False,
txn_f942c272d3,False,
txn_524b2c5dce,False,
txn_23936bbd73,False,
txn_22c4a39e37,False,
txn_f42585e55b,False,
txn_9f93fc5df0,False,
txn_7e0fef7545,False,
txn_da1529cc15,False,
txn_7fe12a5168,False,
txn_739a4cd327,False,
txn_42da569b49,False,
txn_420ae7efe4,False,
txn_e573546e18,False,
txn_9b4b6f7f5b,False,
txn_fb6b9e33f7,False,
txn_fd36bbe860,False,
txn_fcfccf601b,False,
txn_328c627a1a,False,
txn_8735d834af,False,
txn_14f89443d9,False,
txn_ca87f558a3,False,
txn_804721ed96,False,
txn_7f100654b5,False,
txn_4e7e105f6d,False,
txn_642f2b67b6,False,
txn_14303151b8,False,
txn_7fec2a1d06,False,
txn_9bcd3ddf1a,False,
txn_eeb2d08400,False,
txn_1184ef5fa9,False,
txn_8d3955391b,False,
txn_e47bdb1fc4,False,
txn_22cc2a8467,False,
txn_2e4462afba,False,
txn_69dc668601,False,
txn_a9e714be7e,False,
txn_84512e3f92,False,
txn_435fea1bfd,False,
txn_8fcdfbd6f2,False,
txn_f6bc7aeaf6,False,
txn_7693a7312f,False,
txn_eec71796cd,False,
txn_a0d6b977c3,False,
txn_005afb3111,False,
txn_d065556df7,False,
txn_060b73e37b,False,
txn_65c7a963f1,False,
txn_571930a82b,False,
txn_14d0545b91,False,
txn_87670e68be,False,
txn_c8357f76ce,False,
txn_acf545a95b,False,
txn_406821d240,False,
txn_5591d2b0b5,False,
txn_02aafbc1a3,False,
txn_3f396f984d,False,
txn_83738a349e,False,
txn_80665add4b,False,
txn_c4cc7f27ff,False,
txn_71fc93a7da,False,
txn_e7470cbf51,False,
txn_00098c10c9,False,
txn_bd32b65fd4,False,
txn_130eb101e6,False,
txn_673d64cbfe,False,
txn_c26d4c8e8f,False,
txn_875302a906,False,
txn_afadffb433,False,
txn_b18e46901a,False,
txn_b3c2586c15,False,
txn_e8c719a2eb,False,
txn_8add92bb7a,False,
txn_9748d8302d,False,
txn_e90b05528a,False,
txn_8ca3a05664,False,
txn_8c60c0f071,False,
txn_00e6c1bcea,False,
txn_e23244cf61,False,
txn_5d12946dc3,False,
txn_38439b14c5,False,
txn_ef47c1f758,False,
txn_06f7f1ced5,False,
txn_66f317efee,False,
txn_76aa60c41a,False,
txn_262831e235,False,
txn_157b3a76c5,False,
txn_134d63f052,False,
txn_2ab755df4d,False,
txn_a6227268cc,False,
txn_02c48fdf6b,False,
txn_c0ee81dc1a,False,
txn_3ad887118f,False,
txn_62e81796bb,False,
txn_7af4938b29,False,
txn_a0e5212864,False,
txn_a70f58ce34,False,
txn_b980568f73,False,
txn_5a98026db3,False,
txn_975ba31ae6,False,
txn_a51e7d4437,False,
txn_a0322fc7f8,False,
txn_7165ba71f2,False,
txn_aac41ec035,False,
txn_8b1f7a6b67,False,
txn_d567b15bf6,False,
txn_59b5d2c259,False,
txn_1ed87941c5,False,
txn_4ef5a3c523,False,
txn_1a12826576,False,
txn_7db5a221d3,False,
txn_66593c7f63,False,
txn_58136e10c4,False,
txn_b90148b3e0,False,
txn_92fddf01a6,False,
txn_316d56d843,False,
txn_ccdc20ccca,False,
txn_a0421a4a3f,False,
txn_85f5db02c7,False,
txn_f9e67fa1ae,False,
txn_2a95bec102,False,
txn_2b07f2c4c6,False,
txn_d06c8f73f6,False,
txn_39815183fc,False,
txn_a23c58f52b,False,
txn_12b029671d,False,
txn_e2eedf00b7,False,
txn_7bbbbb313a,False,
txn_e4161ad842,False,
txn_17236f9f99,False,
txn_688118853d,False,
txn_d1f45c4197,False,
txn_4780f0e8d9,False,
txn_6a34eaaac0,False,
txn_9bc480aa6f,False,
txn_4c92662e5d,False,
txn_269226890e,False,
txn_a3c1ceeb8b,False,
txn_6a57288bed,False,
txn_e11bfe2955,False,
txn_aa47111c61,False,
txn_f44256f275,False,
txn_a5a3660b4a,False,
txn_4e5b2e2bb6,False,
txn_fc6354de42,False,
txn_862e5db743,False,
txn_da616a76f1,False,
txn_eae94186d0,False,
txn_33ffd0271f,False,
txn_8f61864ddb,False,
txn_df70a6a03e,False,
txn_036da60443,False,
txn_d9ef19920a,False,
txn_b4491543d0,False,
txn_26dfd3b492,False,
txn_a3f851b76d,False,
txn_3df583991b,False,
txn_9266d8043b,False,
txn_78c66a2807,False,
txn_35f57a8efa,False,
txn_f5c3f7b1df,False,
txn_4bd952719a,False,
txn_f9e20d7519,False,
txn_54b08e5fcb,False,
txn_56e58d608a,False,
txn_0bab2da23a,False,
txn_edb668a8e3,False,
txn_c3db00fe72,False,
txn_74ac84d67e,False,
txn_f09b1b435f,False,
txn_d56b87d4db,False,
txn_f7854330a7,False,
txn_c3122f757e,False,
txn_10f34dd096,False,
txn_5b3720eae4,False,
txn_b67d097d48,False,
txn_a8d7a5b142,False,
txn_46b54c52ef,False,
txn_4db786014f,False,
txn_41a942a74d,False,
txn_201f5fe17c,False,
txn_89ca9ee001,False,
txn_7d781bd44a,False,
txn_7a87500413,False,
txn_1403756fce,False,
txn_b8eaed7269,False,
txn_2b0e9c227f,False,
txn_0415882c02,False,
txn_6ff9622239,False,
txn_d82ac2083c,False,
txn_994935d9d8,False,
txn_d0b9d9ca2a,False,
txn_9dcbc7efef,False,
txn_9374de5442,False,
txn_9cabc9d04e,False,
txn_1fe2cbcc66,False,
txn_c600752f4a,False,
txn_7fbbf48a56,False,
txn_9b911959ad,False,
txn_015a85bab7,False,
txn_96598312f0,False,
txn_6029229366,False,
txn_05661db26e,False,
txn_c63afed356,False,
txn_defb644a55,False,
txn_d67febb3a1,False,
txn_95c3f902c0,False,
txn_62080c60b0,False,
txn_df6b132e10,False,
txn_48f2fcd020,False,
txn_0ce1488870,False,
txn_2dfb720f9c,False,
txn_d4db5272fa,False,
txn_91c73547fc,False,
txn_cf0d4b7fbd,False,
txn_f26645cacd,False,
txn_7d84cccfdf,False,
txn_ad7ef0ac02,False,
txn_5d2f76888d,False,
txn_ad469b0b92,False,
txn_cd153901f9,False,
txn_98976d2a86,False,
txn_2c16efc747,False,
txn_2ecb73d758,False,
txn_c30aace403,False,
txn_3942635d1e,False,
txn_a148733151,False,
txn_5e55d0f32d,False,
txn_c1607c9e16,False,
txn_83035192bb,False,
txn_b2f171587a,False,
txn_efdba64caf,False,
txn_e6ec16e955,False,
txn_b2c9becb4c,False,
txn_f09eeaff20,False,
txn_0e6db75603,False,
txn_61a184e503,False,
txn_4d27a9b1ec,False,
txn_2aeb47c9c4,False,
txn_a764ef8701,False,
txn_0cf2b1a626,False,
txn_9de6c6e9e4,False,
txn_d3e3441995,False,
txn_4c2d9f97bc,False,
txn_4c35cdb734,False,
txn_5c7c8f0355,False,
txn_3811514707,False,
txn_cf7747f6f4,False,
txn_de631484f0,False,
txn_576b0da813,False,
txn_a61dcf6e78,False,
txn_5ebe66ccb7,False,
txn_9969690a8f,False,
txn_66b35c5dcb,False,
txn_b96ceb42b7,False,
txn_48f2f5b002,False,
txn_614108636e,False,
txn_8d49c8a0dc,False,
txn_a8fc4d019c,False,
txn_2b64bd67bf,False,
txn_7a57852752,False,
txn_310960bee8,False,
txn_13a946cbc9,False,
txn_a8d04376ef,False,
txn_fd86009327,False,
txn_4c194d6402,False,
txn_99b4286069,False,
txn_54405908e0,False,
txn_def7dd867f,False,
txn_d809722bb6,False,
txn_0d00923752,False,
txn_6b46b4a978,False,
txn_3df592df9c,False,
txn_42c6bdeb56,False,
txn_314ac6c564,False,
txn_20c0aaf0f4,False,
txn_aa0856ee3a,False,
txn_c7f2f6b712,False,
txn_0b5e1c2951,False,
txn_c12f3d7aa5,False,
txn_fd43416a5a,False,
txn_6bd22d768a,False,
txn_6e477ec68e,False,
txn_67055eab42,False,
txn_1f2e9b50e9,False,
txn_71d34c5b9b,False,
txn_31d5b633f7,False,
txn_0363d0c07a,False,
txn_0929a57e2e,False,
txn_b04908a5f1,False,
txn_fd4e3b1167,False,
txn_624306fba0,False,
txn_ab42ef2327,False,
txn_e80bb6039f,False,
txn_9ad5073b85,False,
txn_45869563c7,False,
txn_8da4f5f71f,False,
txn_265dfeb0e2,False,
txn_c1d5bbcdc6,False,
txn_5e8276103c,False,
txn_544f55097e,False,
txn_e6c3febe51,False,
txn_d1747a52f9,False,
txn_eb9f709cb3,False,
txn_bf6dbdc070,False,
txn_3536e3123c,False,
txn_be48a12364,False,
txn_f8ac4609b1,False,
txn_d0513b27f5,False,
txn_265085f11a,False,
txn_725b2a00f2,False,
txn_e8beb743e6,False,
txn_3d69b126e4,False,
txn_be2668017b,False,
txn_27b85c1d10,False,
txn_189f71e245,False,
txn_cf6e02a8e7,False,
txn_5ffd39a420,False,
txn_8d8246b1a8,False,
txn_0f919687e1,False,
txn_f9fad38eb1,False,
txn_70c7a57dff,False,
txn_ffcd99b91c,False,
txn_8ab5649042,False,
txn_80df468dc0,False,
txn_188dc0d75a,False,
txn_78643a6217,False,
txn_f11b21a768,False,
txn_d40df8a7ce,False,
txn_486d3be27c,False,
txn_36ed3677ab,False,
txn_e35298e3e7,False,
txn_6dac137010,False,
txn_49368eb6b1,False,
txn_e06355da1b,False,
txn_2cc4ac9376,False,
txn_743be94577,False,
txn_20d91a7d2f,False,
txn_d66a8469d0,False,
txn_66a48ea35d,False,
txn_d93e735963,False,
txn_5c2240dec1,False,
txn_90dcb8781a,False,
txn_cd6eeb3272,False,
txn_81b1eef878,False,
txn_d6a7c51e38,False,
txn_a75b53aa05,False,
txn_ab5d8aa247,False,
txn_b4ede5695c,False,
txn_18d756c3f7,False,
txn_8c58be2198,False,
txn_ba7bbbdaab,False,
txn_2a3ecfe641,False,
txn_cc4adeecc7,False,
txn_a6aaaf86af,False,
txn_026a6ea205,False,
txn_6d0e455de5,False,
txn_1f52a3ee82,False,
txn_3bfcc0e52d,False,
txn_a9e640d69b,False,
txn_e65c5a8463,False,
txn_c714a455b8,False,
txn_0c4b063473,False,
txn_9d21d1ecbc,False,
txn_6dffb635c8,False,
txn_31d8f69c32,False,
txn_973e2527a0,False,
txn_2c3647f033,False,
txn_cb46910075,False,
txn_ccd74f266f,False,
txn_7fcbe4a093,False,
txn_6f9632ca8c,False,
txn_20abfc00a5,False,
txn_e9bf83c1cc,False,
txn_ee9c3f9e0d,False,
txn_8ef2eb7e91,False,
txn_350e5bf9da,False,
txn_ef19b7770c,False,
txn_0828864ae7,False,
txn_1aff729586,False,
txn_85aec5f882,False,
txn_4476326a0c,False,
txn_2577329cc4,False,
txn_eda4671bf4,False,
txn_c5bb8401d2,False,
txn_8dbdb6f122,False,
txn_cfa4299332,False,
txn_8a74f796c5,False,
txn_acf70a0925,False,
txn_26127f94f2,False,
txn_da935fc411,False,
txn_7b0f197a81,False,
txn_67c769a614,False,
txn_4d344b110c,False,
txn_2daebc3f15,False,
txn_1cf5d06606,False,
txn_e020783319,False,
txn_ca6fa4e91f,False,
txn_72ff574ebd,False,
txn_b830796821,False,
txn_fb666279c7,False,
txn_d011b7bcbf,False,
txn_35dc72401b,False,
txn_796eb55b7e,False,
txn_428850d369,False,
txn_c483ca9b99,False,
txn_8207b541c4,False,
txn_3b56490280,False,
txn_846f767aa8,False,
txn_2092df6ecb,False,
txn_f854d90b69,False,
txn_daca5cfe25,False,
txn_2fdf382c3f,False,
txn_f07df007aa,False,
txn_1807595272,False,
txn_168d05e88a,False,
txn_2f93fd00f7,False,
txn_b947d1169f,False,
txn_e1d08d2b30,False,
txn_3461744e75,False,
txn_6bcc191382,False,
txn_a41fc333e4,False,
txn_5a4196807e,False,
txn_2a90a05a1b,False,
txn_096e29bb0b,False,
txn_54ebd4c9ba,False,
txn_49636424bd,False,
txn_c0bd843503,False,
txn_99172cc111,False,
txn_92da77d36e,False,
txn_c41f9eec15,False,
txn_74bbd5e4b7,False,
txn_3015262494,False,
txn_c52fd5f634,False,
txn_4cf7e4e7e3,False,
txn_2e1ae217d8,False,
txn_46d30bc553,False,
txn_29f7077217,False,
txn_621674a7d5,False,
txn_94877e112a,False,
txn_66d296d936,False,
txn_46ae94ae9f,False,
txn_74b53dec8e,False,
txn_f5319aebd7,False,
txn_5964ba7050,False,
txn_12ba63b5f9,False,
txn_48d4988169,False,
txn_1cce308661,False,
txn_60b9cc80cd,False,
txn_837233056a,False,
txn_4662e60feb,False,
txn_534a961859,False,
txn_1d0d98fd8c,False,
txn_67d11cefa3,False,
txn_bcc5b76bcb,False,
txn_935ef2965c,False,
txn_c270c1644d,False,
txn_28ebbbc947,False,
txn_22144a17d6,False,
txn_d1925180c6,False,
txn_9d591c3ab5,False,
txn_cecdd1067c,False,
txn_8c8a312be1,False,
txn_8a5dc488be,False,
txn_8e3a683b1e,False,
txn_fd47824852,False,
txn_b00ca12e07,False,
txn_1bf80114cb,False,
txn_46898c09f7,False,
txn_5573762d5a,False,
txn_df684ced50,False,
txn_57219bda58,False,
txn_3b303255cd,False,
txn_da54086c7e,False,
txn_dbe1a8725e,False,
txn_25263549a1,False,
txn_ce64f02050,False,
txn_23507fd91b,False,
txn_b93d4854a3,False,
txn_35418fb9d1,False,
txn_75d48be9a6,False,
txn_c912e2f439,False,
txn_9ee7d351a6,False,
txn_007c40e388,False,
txn_95371c80ab,False,
txn_8dbb55b0a5,False,
txn_181841cb2e,False,
txn_e919517b39,False,
txn_3e4edf355e,False,
txn_d72c6cff08,False,
txn_abecf5b57f,False,
txn_7b79dc73d3,False,
txn_0d61fe4107,False,
txn_02db0ffe05,False,
txn_aeca98f846,False,
txn_b756d42d80,False,
txn_bad4f1d3eb,False,
txn_d2f301197b,False,
txn_97575a1b1b,False,
txn_5aa1b6139e,False,
txn_00f4d6280c,False,
txn_82010e27e1,False,
txn_a7b3d1b4ef,False,
txn_a45334dd84,False,
txn_3e32ba1fd7,False,
txn_956f2bd6ae,False,
txn_c22b29a860,False,
txn_ad266b025d,False,
txn_b515a16986,False,
txn_e8a135667a,False,
txn_58ac91b78e,False,
txn_bc0c1f143c,False,
txn_317292a728,False,
txn_5811800e64,False,
txn_894d02fe41,False,
txn_55ba9b0ccf,False,
txn_63f299371a,False,
txn_e02f6d0b78,False,
txn_21671b8a71,False,
txn_7524516c54,False,
txn_b98038f0bd,False,
txn_7e4da1fe28,False,
txn_a73a8e8a67,False,
txn_f6ff28a17d,False,
txn_19064315cd,False,
txn_a4f6624b42,False,
txn_0c077a5ef1,False,
txn_c0b4592ddc,False,
txn_692730fd74,False,
txn_4d7a1beb95,False,
txn_becde10ea3,False,
txn_d56654b39f,False,
txn_db93d76430,False,
txn_71b1c4d8ff,False,
txn_3357318f0a,False,
txn_51daa8c741,False,
txn_6cb028cd7f,False,
txn_25742606fc,False,
txn_15dcaf6c0e,False,
txn_ca7498b6ef,False,
txn_46d1d8e88c,False,
txn_1b97599895,False,
txn_3a75ea4e1a,False,
txn_9ab0c7cd9d,False,
txn_4a4dc3d819,False,
txn_ff16d84de3,False,
txn_ddb75815f6,False,
txn_33dadf2048,False,
txn_aaa23ab1c8,False,
txn_68e28f1f30,False,
txn_da165d21b8,False,
txn_bb13804aab,False,
txn_9293909742,False,
txn_ac034c1a0d,False,
txn_f5bbc13f08,False,
txn_dfc5b02d69,False,
txn_4a7a1d0e49,False,
txn_12a36ef730,False,
txn_fd838bf2f9,False,
txn_10d7b73559,False,
txn_496b4b95ae,False,
txn_14474f0013,False,
txn_3097d67178,False,
txn_95112ef4af,False,
txn_55865ea2ac,False,
txn_64ab7f3a05,False,
txn_f347bff0fd,False,
txn_070c69d358,False,
txn_9409a53829,False,
txn_15455b1566,False,
txn_476e7ffb92,False,
txn_fac9fba100,False,
txn_9ee0091951,False,
txn_c88cd74bfa,False,
txn_02c4e65c05,False,
txn_3823b8185e,False,
txn_03152151f2,False,
txn_4b38195f32,False,
txn_a3f14f61f3,False,
txn_982248074a,False,
txn_01318791a2,False,
txn_82cf5ff790,False,
txn_491cde2362,False,
txn_b3f8095320,False,
txn_725a6199cd,False,
txn_23093e4745,False,
txn_7b3cf9268e,False,
txn_9870e60ee4,False,
txn_44b85a451f,False,
txn_4692350564,False,
txn_314f990225,False,
txn_3e38736cd8,False,
txn_db0b50ad73,False,
txn_046a402e87,False,
txn_f790641f92,False,
txn_60543e5a9a,False,
txn_aedd4eed0d,False,
txn_d887ef7151,False,
txn_222763a0a1,False,
txn_898f8a5632,False,
txn_28a8575946,False,
txn_e946fe47a6,False,
txn_1a22777a4d,False,
txn_6254b82ee3,False,
txn_7756645f13,False,
txn_ea1bdf2428,False,
txn_70e2c94e6d,False,
txn_ac0cd77324,False,
txn_136ff11113,False,
txn_7631a6a38e,False,
txn_1ede635e02,False,
txn_db0f18f6f0,False,
txn_33112bc37a,False,
txn_176bb490fc,False,
txn_2607e06fee,False,
txn_c508726aa1,False,
txn_c1267e067f,False,
txn_ebacc9904e,False,
txn_c8dd935263,False,
txn_0596f7b50e,False,
txn_d426073942,False,
txn_10ba385bd9,False,
txn_519be511b9,False,
txn_690d6d2eb1,False,
txn_e188835d50,False,
txn_35c64e1a34,False,
txn_4ecc7624f8,False,
txn_9bd5b1a8cf,False,
txn_767c813cd9,False,
txn_b8da2ede3e,False,
txn_7db2efd251,False,
txn_f9bb574bdf,False,
txn_61afe15a5c,False,
txn_bbbcae784f,False,
txn_a805077ce8,False,
txn_6020d2df95,False,
txn_fcbe7d52e9,False,
txn_fbd43189c4,False,
txn_d69f38ccbe,False,
txn_be9668590d,False,
txn_62eca62938,False,
txn_7f4bdd0245,False,
txn_7c866e5e24,False,
txn_97a1275bb2,False,
txn_14b694e502,False,
txn_57e774fd73,False,
txn_6e4b63043e,False,
txn_ae936520df,False,
txn_4e9025f454,False,
txn_ff9451faa0,False,
txn_be02580627,False,
txn_b636e57d84,False,
txn_7be600c4b1,False,
txn_fc29d6f862,False,
txn_a4724313f1,False,
txn_66539a246a,False,
txn_6d8d7999e7,False,
txn_5e76920ed5,False,
txn_00405295cc,False,
txn_a53f29b46b,False,
txn_66f42e4166,False,
txn_dec61b72d0,False,
txn_f3bdf7ef56,False,
txn_b5f362e706,False,
txn_2fe22094ee,False,
txn_0dd4971384,False,
txn_aa4ce21790,False,
txn_c150bb2c79,False,
txn_801fbe90f1,False,
txn_ee61c2eaf0,False,
txn_caed0d9925,False,
txn_139a1ab3a2,False,
txn_d2211d8d92,False,
txn_92ef2553e7,False,
txn_8bc2663527,False,
txn_b76eec0544,False,
txn_e1fdd9548f,False,
txn_72d780f2c9,False,
txn_4409dc8dfa,False,
txn_7dcc82e6e0,False,
txn_f9182412ec,False,
txn_55ecdfe0c4,False,
txn_a4a2303ea6,False,
txn_45bb89d5eb,False,
txn_38bab17730,False,
txn_738eb8b8ef,False,
txn_0fc270da1c,False,
txn_e50829b567,False,
txn_e8fa5042b8,False,
txn_6925a6b876,False,
txn_dcc62fe3e5,False,
txn_dd26511836,False,
txn_1dda5a2a6f,False,
txn_e7d58a1125,False,
txn_5c3eef21d7,False,
txn_03312a998f,False,
txn_0ede3bf7fa,False,
txn_b41cd7095a,False,
txn_ce10395c74,False,
txn_14df8fd8c4,False,
txn_0d0160c596,False,
txn_85cf53661d,False,
txn_35d38168fe,False,
txn_4c9334201c,False,
txn_241bef6c21,False,
txn_3ba2aed153,False,
txn_932d06d91b,False,
txn_3f1f3e7df6,False,
